Palavra-chave da rede de pesquisa,Tipo de corresp.,Status do critério,Status da campanha,Status do grupo de anúncios,Custo,Cliques,CTR
Kitchen Remodel,Corresp. de frase,Ativado,Pausado,Pausado,"US$ 6.347,07",508,"9,96%"
kitchen remodel fort myers,Correspondência ampla,Removido,Pausado,Pausado,"US$ 5.974,55",448,"4,27%"
kitchen remodel company,Corresp. de frase,Ativado,Pausado,Pausado,"US$ 5.935,68",332,"6,84%"
remodeling contractors,Correspondência ampla,Removido,Pausado,Pausado,"US$ 3.772,66",669,"5,93%"
Kitchen Remodel,Corresp. de frase,Pausado,Pausado,Ativado,"US$ 2.999,62",139,"7,56%"
kitchen remodel company,Corresp. de frase,Pausado,Pausado,Ativado,"US$ 2.480,63",67,"5,64%"
home renovation contractors,Correspondência ampla,Pausado,Pausado,Pausado,"US$ 2.479,05",245,"6,07%"
home contractor near me,Corresp. de frase,Pausado,Pausado,Pausado,"US$ 2.206,12",77,"8,10%"
remodeling contractors,Corresp. de frase,Pausado,Pausado,Pausado,"US$ 2.073,63",88,"3,38%"
general contractor naples fl,Corresp. de frase,Pausado,Pausado,Pausado,"US$ 2.039,00",104,"4,11%"
Kitchen Remodeling,Corresp. de frase,Removido,Pausado,Pausado,"US$ 1.963,77",241,"6,94%"
trusted remodeling contractor,Corresp. de frase,Pausado,Pausado,Pausado,"US$ 1.895,81",133,"6,24%"
home renovation company naples,Corresp. de frase,Ativado,Pausado,Pausado,"US$ 1.540,25",62,"9,19%"
remodeling contractor near me,Corresp. de frase,Pausado,Pausado,Pausado,"US$ 1.528,62",65,"10,45%"
kitchen remodel fort myers,Corresp. de frase,Ativado,Pausado,Pausado,"US$ 1.232,00",44,"9,19%"
bathroom remodel,Correspondência ampla,Ativado,Pausado,Pausado,"US$ 1.050,31",105,"5,20%"
kitchen remodel Naples,Corresp. de frase,Ativado,Pausado,Pausado,"US$ 1.036,11",47,"7,34%"
residential remodeling companies,Correspondência ampla,Pausado,Pausado,Pausado,"US$ 1.016,81",118,"4,83%"
home remodeling near me,Correspondência ampla,Removido,Pausado,Pausado,"US$ 959,55",116,"5,81%"
bathroom renovation cost,Correspondência ampla,Pausado,Pausado,Pausado,"US$ 779,52",117,"7,33%"
home renovation contractor naples,Corresp. de frase,Ativado,Pausado,Ativado,"US$ 713,81",24,"7,41%"
kitchen remodel Naples,Correspondência ampla,Removido,Pausado,Pausado,"US$ 693,42",37,"4,87%"
renovation contractor naples fl,Corresp. de frase,Ativado,Pausado,Pausado,"US$ 676,11",44,"7,94%"
home renovation naples,Corresp. de frase,Ativado,Pausado,Ativado,"US$ 596,70",25,"6,41%"
Bathroom remodeling,Corresp. de frase,Ativado,Pausado,Pausado,"US$ 580,03",98,"7,75%"
Kitchen Remodeling,Correspondência ampla,Removido,Pausado,Pausado,"US$ 549,57",147,"6,01%"
carpenter near me,Correspondência ampla,Removido,Pausado,Pausado,"US$ 538,34",56,"5,58%"
home renovation fort myers,Corresp. de frase,Ativado,Pausado,Ativado,"US$ 512,60",18,"4,74%"
kitchen remodel Naples,Correspondência ampla,Removido,Ativado,Pausado,"US$ 474,69",29,"3,66%"
kitchen remodeling services,Corresp. de frase,Pausado,Pausado,Ativado,"US$ 468,63",11,"6,92%"
contractor remodel,Corresp. de frase,Pausado,Pausado,Pausado,"US$ 461,39",36,"6,62%"
Kitchen Remodel,Corresp. de frase,Ativado,Ativado,Pausado,"US$ 455,55",16,"5,99%"
carpentry services,Corresp. de frase,Pausado,Pausado,Pausado,"US$ 452,82",55,"6,22%"
best contractor naples fl,Corresp. de frase,Pausado,Pausado,Pausado,"US$ 414,63",29,"4,75%"
house remodel near me,Corresp. de frase,Ativado,Pausado,Ativado,"US$ 397,67",12,"7,10%"
residential remodeling contractor,Corresp. de frase,Pausado,Pausado,Pausado,"US$ 379,86",15,"5,75%"
Bathroom remodeling,Correspondência ampla,Removido,Pausado,Pausado,"US$ 376,40",114,"7,62%"
kitchen contractors near me,Correspondência ampla,Removido,Pausado,Pausado,"US$ 365,53",31,"4,03%"
home addition contractors,Corresp. de frase,Ativado,Pausado,Pausado,"US$ 358,87",11,"11,96%"
home remodeling naples fl,Corresp. de frase,Ativado,Pausado,Ativado,"US$ 336,83",13,"5,22%"
home remodeling near me,Corresp. de frase,Pausado,Pausado,Pausado,"US$ 328,23",27,"6,87%"
remodeling,Correspondência ampla,Ativado,Removido,Ativado,"US$ 326,52",41,"8,93%"
kitchen remodeling company,Correspondência ampla,Ativado,Pausado,Ativado,"US$ 318,88",16,"7,08%"
kitchen remodel fort myers,Correspondência ampla,Removido,Ativado,Pausado,"US$ 316,11",13,"3,11%"
in house renovations,Corresp. de frase,Pausado,Pausado,Pausado,"US$ 268,35",30,"9,71%"
basement renovations,Correspondência ampla,Pausado,Pausado,Pausado,"US$ 247,11",51,"12,03%"
home renovation,Correspondência ampla,Pausado,Pausado,Pausado,"US$ 233,84",41,"3,60%"
kitchen remodel Naples,Corresp. de frase,Ativado,Pausado,Ativado,"US$ 233,38",10,"6,76%"
home remodeling naples fl,Corresp. de frase,Ativado,Pausado,Pausado,"US$ 223,02",7,"2,27%"
contractor for remodel,Corresp. de frase,Ativado,Pausado,Pausado,"US$ 219,68",16,"3,23%"
