"Address","Occurrences","Indexability","Indexability Status","Canonical Link Element 1","HTTP Canonical","Meta Robots 1","X-Robots-Tag 1","rel=""next"" 1","rel=""prev"" 1","HTTP rel=""next"" 1","HTTP rel=""prev"" 1"
"https://teksea.net/","1","Indexable","","https://teksea.net/","","index, follow, max-image-preview:large, max-snippet:-1, max-video-preview:-1","","","","",""
"https://teksea.net/mercados-que-atendemos/hidroeletrica/","1","Indexable","","https://teksea.net/mercados-que-atendemos/hidroeletrica/","","index, follow, max-image-preview:large, max-snippet:-1, max-video-preview:-1","","https://teksea.net/mercados-que-atendemos/hidroeletrica/page/2/","","",""
"https://teksea.net/produto/tekpower-scr/","1","Indexable","","https://teksea.net/produto/tekpower-scr/","","index, follow, max-image-preview:large, max-snippet:-1, max-video-preview:-1","","","","",""
"https://teksea.net/produtos/","1","Indexable","","https://teksea.net/produtos/","","index, follow, max-image-preview:large, max-snippet:-1, max-video-preview:-1","","","","",""
"https://teksea.net/subcategoria/tiristorizados-scr/","1","Indexable","","https://teksea.net/subcategoria/tiristorizados-scr/","","index, follow, max-image-preview:large, max-snippet:-1, max-video-preview:-1","","","","",""
"https://teksea.net/eventos/flibs-fort-lauderdale-international-boat-show/","1","Indexable","","https://teksea.net/eventos/flibs-fort-lauderdale-international-boat-show/","","index, follow, max-image-preview:large, max-snippet:-1, max-video-preview:-1","","","","",""
"https://teksea.net/eventos/international-workboat-show/","1","Indexable","","https://teksea.net/eventos/international-workboat-show/","","index, follow, max-image-preview:large, max-snippet:-1, max-video-preview:-1","","","","",""
"https://teksea.net/mercados-que-atendemos/telecomunicacoes/","1","Indexable","","https://teksea.net/mercados-que-atendemos/telecomunicacoes/","","index, follow, max-image-preview:large, max-snippet:-1, max-video-preview:-1","","","","",""
"https://teksea.net/mercados-que-atendemos/petroleo-gas/","1","Indexable","","https://teksea.net/mercados-que-atendemos/petroleo-gas/","","index, follow, max-image-preview:large, max-snippet:-1, max-video-preview:-1","","https://teksea.net/mercados-que-atendemos/petroleo-gas/page/2/","","",""
"https://teksea.net/subcategoria/gateways-proprietarios-multiprotocolos/","1","Indexable","","https://teksea.net/subcategoria/gateways-proprietarios-multiprotocolos/","","index, follow, max-image-preview:large, max-snippet:-1, max-video-preview:-1","","","","",""
"https://teksea.net/segmento/bombas-e-fluxometros/","1","Indexable","","https://teksea.net/segmento/bombas-e-fluxometros/","","index, follow, max-image-preview:large, max-snippet:-1, max-video-preview:-1","","","","",""
"https://teksea.net/subcategoria/parafuso-triplo/","1","Indexable","","https://teksea.net/subcategoria/parafuso-triplo/","","index, follow, max-image-preview:large, max-snippet:-1, max-video-preview:-1","","","","",""
"https://teksea.net/subcategoria/ups-nobreak/","1","Indexable","","https://teksea.net/subcategoria/ups-nobreak/","","index, follow, max-image-preview:large, max-snippet:-1, max-video-preview:-1","","","","",""
"https://teksea.net/subcategoria/radio-telecom/","1","Indexable","","https://teksea.net/subcategoria/radio-telecom/","","index, follow, max-image-preview:large, max-snippet:-1, max-video-preview:-1","","","","",""
"https://teksea.net/eventos/nt-expo-negocios-nos-trilhos/","1","Indexable","","https://teksea.net/eventos/nt-expo-negocios-nos-trilhos/","","index, follow, max-image-preview:large, max-snippet:-1, max-video-preview:-1","","","","",""
"https://teksea.net/produto/consoles-e-mesas-de-controle/","1","Indexable","","https://teksea.net/produto/consoles-e-mesas-de-controle/","","index, follow, max-image-preview:large, max-snippet:-1, max-video-preview:-1","","","","",""
"https://teksea.net/produto/industria-paineis-de-distribuicao-eletrica/","1","Indexable","","https://teksea.net/produto/industria-paineis-de-distribuicao-eletrica/","","index, follow, max-image-preview:large, max-snippet:-1, max-video-preview:-1","","","","",""
"https://teksea.net/subcategoria/baterias/","1","Indexable","","https://teksea.net/subcategoria/baterias/","","index, follow, max-image-preview:large, max-snippet:-1, max-video-preview:-1","","","","",""
"https://teksea.net/mercados-que-atendemos/saneamento/","1","Indexable","","https://teksea.net/mercados-que-atendemos/saneamento/","","index, follow, max-image-preview:large, max-snippet:-1, max-video-preview:-1","","https://teksea.net/mercados-que-atendemos/saneamento/page/2/","","",""
"https://teksea.net/produto/iot-internet-of-things-skytek/","1","Indexable","","https://teksea.net/produto/iot-internet-of-things-skytek/","","index, follow, max-image-preview:large, max-snippet:-1, max-video-preview:-1","","","","",""
"https://teksea.net/produto/retificador-carregador-chaveado-tps125/","1","Indexable","","https://teksea.net/produto/retificador-carregador-chaveado-tps125/","","index, follow, max-image-preview:large, max-snippet:-1, max-video-preview:-1","","","","",""
"https://teksea.net/produto/gradil-tekbox-heavy-duty/","1","Indexable","","https://teksea.net/produto/gradil-tekbox-heavy-duty/","","index, follow, max-image-preview:large, max-snippet:-1, max-video-preview:-1","","","","",""
"https://teksea.net/teksea-e-recertificada-na-iso-90012015-consolidando-seu-padrao-de-excelencia-em-qualidade/","1","Indexable","","https://teksea.net/teksea-e-recertificada-na-iso-90012015-consolidando-seu-padrao-de-excelencia-em-qualidade/","","index, follow, max-image-preview:large, max-snippet:-1, max-video-preview:-1","","","","",""
"https://teksea.net/eventos/sc-expo-defense/","1","Indexable","","https://teksea.net/eventos/sc-expo-defense/","","index, follow, max-image-preview:large, max-snippet:-1, max-video-preview:-1","","","","",""
"https://teksea.net/sobre-nos/","1","Indexable","","https://teksea.net/sobre-nos/","","index, follow, max-image-preview:large, max-snippet:-1, max-video-preview:-1","","","","",""
"https://teksea.net/mercados-que-atendemos/transporte/","1","Indexable","","https://teksea.net/mercados-que-atendemos/transporte/","","index, follow, max-image-preview:large, max-snippet:-1, max-video-preview:-1","","https://teksea.net/mercados-que-atendemos/transporte/page/2/","","",""
"https://teksea.net/produto/thor-monitoramento-remoto/","1","Indexable","","https://teksea.net/produto/thor-monitoramento-remoto/","","index, follow, max-image-preview:large, max-snippet:-1, max-video-preview:-1","","","","",""
"https://teksea.net/produto/bms-sistema-de-monitoramento-de-baterias/","1","Indexable","","https://teksea.net/produto/bms-sistema-de-monitoramento-de-baterias/","","index, follow, max-image-preview:large, max-snippet:-1, max-video-preview:-1","","","","",""
"https://teksea.net/investimentos-bacia-de-campos-setor-offshore/","1","Indexable","","https://teksea.net/investimentos-bacia-de-campos-setor-offshore/","","index, follow, max-image-preview:large, max-snippet:-1, max-video-preview:-1","","","","",""
"https://teksea.net/produto/tekleakage-monitoramento-de-isolacao-em-barramentos-eletricos/","1","Indexable","","https://teksea.net/produto/tekleakage-monitoramento-de-isolacao-em-barramentos-eletricos/","","index, follow, max-image-preview:large, max-snippet:-1, max-video-preview:-1","","","","",""
"https://teksea.net/produto/teknav-nlc-painel-luzes-de-navegacao-e-sinalizacao/","1","Indexable","","https://teksea.net/produto/teknav-nlc-painel-luzes-de-navegacao-e-sinalizacao/","","index, follow, max-image-preview:large, max-snippet:-1, max-video-preview:-1","","","","",""
"https://teksea.net/subcategoria/compactos-moveis/","1","Indexable","","https://teksea.net/subcategoria/compactos-moveis/","","index, follow, max-image-preview:large, max-snippet:-1, max-video-preview:-1","","","","",""
"https://teksea.net/mercados-que-atendemos/mobilidade-eletrica/","1","Indexable","","https://teksea.net/mercados-que-atendemos/mobilidade-eletrica/","","index, follow, max-image-preview:large, max-snippet:-1, max-video-preview:-1","","https://teksea.net/mercados-que-atendemos/mobilidade-eletrica/page/2/","","",""
"https://teksea.net/documentacao/","1","Indexable","","https://teksea.net/documentacao/","","index, follow, max-image-preview:large, max-snippet:-1, max-video-preview:-1","","","","",""
"https://teksea.net/subcategoria/conversor-estatico/","1","Indexable","","https://teksea.net/subcategoria/conversor-estatico/","","index, follow, max-image-preview:large, max-snippet:-1, max-video-preview:-1","","","","",""
"https://teksea.net/auditoria-da-petrobras-e-concluida-com-sucesso-e-reforca-qualidade-da-teksea/","1","Indexable","","https://teksea.net/auditoria-da-petrobras-e-concluida-com-sucesso-e-reforca-qualidade-da-teksea/","","index, follow, max-image-preview:large, max-snippet:-1, max-video-preview:-1","","","","",""
"https://teksea.net/mercados-que-atendemos/defesa-seguranca/","1","Indexable","","https://teksea.net/mercados-que-atendemos/defesa-seguranca/","","index, follow, max-image-preview:large, max-snippet:-1, max-video-preview:-1","","https://teksea.net/mercados-que-atendemos/defesa-seguranca/page/2/","","",""
"https://teksea.net/produto/kral-display-e-unidade-de-processamento-bem500/","1","Indexable","","https://teksea.net/produto/kral-display-e-unidade-de-processamento-bem500/","","index, follow, max-image-preview:large, max-snippet:-1, max-video-preview:-1","","","","",""
"https://teksea.net/produto/ups-industrial-scr-igbt/","1","Indexable","","https://teksea.net/produto/ups-industrial-scr-igbt/","","index, follow, max-image-preview:large, max-snippet:-1, max-video-preview:-1","","","","",""
"https://teksea.net/produto/tms-1000-monitoracao-e-alarmes-de-tanques/","1","Indexable","","https://teksea.net/produto/tms-1000-monitoracao-e-alarmes-de-tanques/","","index, follow, max-image-preview:large, max-snippet:-1, max-video-preview:-1","","","","",""
"https://teksea.net/subcategoria/protecao/","1","Indexable","","https://teksea.net/subcategoria/protecao/","","index, follow, max-image-preview:large, max-snippet:-1, max-video-preview:-1","","","","",""
"https://teksea.net/mercados-que-atendemos/acucar-etanol/","1","Indexable","","https://teksea.net/mercados-que-atendemos/acucar-etanol/","","index, follow, max-image-preview:large, max-snippet:-1, max-video-preview:-1","","https://teksea.net/mercados-que-atendemos/acucar-etanol/page/2/","","",""
"https://teksea.net/segmento/automacao/","1","Indexable","","https://teksea.net/segmento/automacao/","","index, follow, max-image-preview:large, max-snippet:-1, max-video-preview:-1","","https://teksea.net/segmento/automacao/page/2/","","",""
"https://teksea.net/mercados-que-atendemos/siderurgia-mineracao/","1","Indexable","","https://teksea.net/mercados-que-atendemos/siderurgia-mineracao/","","index, follow, max-image-preview:large, max-snippet:-1, max-video-preview:-1","","https://teksea.net/mercados-que-atendemos/siderurgia-mineracao/page/2/","","",""
"https://teksea.net/noticias/","1","Indexable","","https://teksea.net/noticias/","","index, follow, max-image-preview:large, max-snippet:-1, max-video-preview:-1","","https://teksea.net/noticias/page/2/","","",""
"https://teksea.net/segmento/acessorios/","1","Indexable","","https://teksea.net/segmento/acessorios/","","index, follow, max-image-preview:large, max-snippet:-1, max-video-preview:-1","","","","",""
"https://teksea.net/produto/marine-paineis-distribuicao-principal-e-auxiliares/","1","Indexable","","https://teksea.net/produto/marine-paineis-distribuicao-principal-e-auxiliares/","","index, follow, max-image-preview:large, max-snippet:-1, max-video-preview:-1","","","","",""
"https://teksea.net/produto/kral-estacoes-oleo-lubrificante/","1","Indexable","","https://teksea.net/produto/kral-estacoes-oleo-lubrificante/","","index, follow, max-image-preview:large, max-snippet:-1, max-video-preview:-1","","","","",""
"https://teksea.net/produto/kral-bombas-serie-k/","1","Indexable","","https://teksea.net/produto/kral-bombas-serie-k/","","index, follow, max-image-preview:large, max-snippet:-1, max-video-preview:-1","","","","",""
"https://teksea.net/mercados-que-atendemos/energia/","1","Indexable","","https://teksea.net/mercados-que-atendemos/energia/","","index, follow, max-image-preview:large, max-snippet:-1, max-video-preview:-1","","https://teksea.net/mercados-que-atendemos/energia/page/2/","","",""
"https://teksea.net/subcategoria/inversor-cc-ca-com-chave-estatica/","1","Indexable","","https://teksea.net/subcategoria/inversor-cc-ca-com-chave-estatica/","","index, follow, max-image-preview:large, max-snippet:-1, max-video-preview:-1","","","","",""
"https://teksea.net/produto/radares/","1","Indexable","","https://teksea.net/produto/radares/","","index, follow, max-image-preview:large, max-snippet:-1, max-video-preview:-1","","","","",""
"https://teksea.net/produto/display-ecdis/","1","Indexable","","https://teksea.net/produto/display-ecdis/","","index, follow, max-image-preview:large, max-snippet:-1, max-video-preview:-1","","","","",""
"https://teksea.net/produto/tekmation-iamcs-sistema-integrado-de-automacao/","1","Indexable","","https://teksea.net/produto/tekmation-iamcs-sistema-integrado-de-automacao/","","index, follow, max-image-preview:large, max-snippet:-1, max-video-preview:-1","","","","",""
"https://teksea.net/subcategoria/bombas-de-parafuso-duplo/","1","Indexable","","https://teksea.net/subcategoria/bombas-de-parafuso-duplo/","","index, follow, max-image-preview:large, max-snippet:-1, max-video-preview:-1","","","","",""
"https://teksea.net/segmento/energia-critica/","1","Indexable","","https://teksea.net/segmento/energia-critica/","","index, follow, max-image-preview:large, max-snippet:-1, max-video-preview:-1","","https://teksea.net/segmento/energia-critica/page/2/","","",""
"https://teksea.net/subcategoria/chaveados-modulares-tps/","1","Indexable","","https://teksea.net/subcategoria/chaveados-modulares-tps/","","index, follow, max-image-preview:large, max-snippet:-1, max-video-preview:-1","","","","",""
"https://teksea.net/produto/ams1024-modulo-para-monitoracao-e-alarmes/","1","Indexable","","https://teksea.net/produto/ams1024-modulo-para-monitoracao-e-alarmes/","","index, follow, max-image-preview:large, max-snippet:-1, max-video-preview:-1","","","","",""
"https://teksea.net/eventos/mostra-bid-brasil/","1","Indexable","","https://teksea.net/eventos/mostra-bid-brasil/","","index, follow, max-image-preview:large, max-snippet:-1, max-video-preview:-1","","","","",""
"https://teksea.net/videos/teksea-telecom-energia-que-conecta-o-mundo/","1","Indexable","","https://teksea.net/videos/teksea-telecom-energia-que-conecta-o-mundo/","","index, follow, max-image-preview:large, max-snippet:-1, max-video-preview:-1","","","","",""
"https://teksea.net/eventos/fiee-feira-internacional-da-industria-eletrica/","1","Indexable","","https://teksea.net/eventos/fiee-feira-internacional-da-industria-eletrica/","","index, follow, max-image-preview:large, max-snippet:-1, max-video-preview:-1","","","","",""
"https://teksea.net/mercados-que-atendemos/papel-celulose/","1","Indexable","","https://teksea.net/mercados-que-atendemos/papel-celulose/","","index, follow, max-image-preview:large, max-snippet:-1, max-video-preview:-1","","https://teksea.net/mercados-que-atendemos/papel-celulose/page/2/","","",""
"https://teksea.net/produto/fire-system/","1","Indexable","","https://teksea.net/produto/fire-system/","","index, follow, max-image-preview:large, max-snippet:-1, max-video-preview:-1","","","","",""
"https://teksea.net/mercados-que-atendemos/naval-portos/","1","Indexable","","https://teksea.net/mercados-que-atendemos/naval-portos/","","index, follow, max-image-preview:large, max-snippet:-1, max-video-preview:-1","","https://teksea.net/mercados-que-atendemos/naval-portos/page/2/","","",""
"https://teksea.net/produto/bnwas-bridge-navigational-watch-alarm-system/","1","Indexable","","https://teksea.net/produto/bnwas-bridge-navigational-watch-alarm-system/","","index, follow, max-image-preview:large, max-snippet:-1, max-video-preview:-1","","","","",""
"https://teksea.net/produto/corenet-corebox-g2/","1","Indexable","","https://teksea.net/produto/corenet-corebox-g2/","","index, follow, max-image-preview:large, max-snippet:-1, max-video-preview:-1","","","","",""
"https://teksea.net/produto/corebox-smart-g1/","1","Indexable","","https://teksea.net/produto/corebox-smart-g1/","","index, follow, max-image-preview:large, max-snippet:-1, max-video-preview:-1","","","","",""
"https://teksea.net/fale-conosco/","1","Indexable","","https://teksea.net/fale-conosco/","","index, follow, max-image-preview:large, max-snippet:-1, max-video-preview:-1","","","","",""
"https://teksea.net/produto/kral-fluxometro-serie-omp/","1","Indexable","","https://teksea.net/produto/kral-fluxometro-serie-omp/","","index, follow, max-image-preview:large, max-snippet:-1, max-video-preview:-1","","","","",""
"https://teksea.net/wp-content/uploads/2026/04/RelatorioIgualdadeSalarialLote_2026_1_12515928000198.pdf","0","Indexable","","","","","","","","",""
"https://teksea.net/wp-content/uploads/2026/04/2-2025-Relatorio-Igualdade-Salarial.pdf","0","Indexable","","","","","","","","",""
"https://teksea.net/wp-content/uploads/2026/04/1-2025-Relatorio-Igualdade-Salarial.pdf","0","Indexable","","","","","","","","",""
"https://teksea.net/videos/","1","Indexable","","https://teksea.net/videos/","","index, follow, max-image-preview:large, max-snippet:-1, max-video-preview:-1","","","","",""
"https://teksea.net/produto/retificador-carregador-chaveado-tps-24/","1","Indexable","","https://teksea.net/produto/retificador-carregador-chaveado-tps-24/","","index, follow, max-image-preview:large, max-snippet:-1, max-video-preview:-1","","","","",""
"https://teksea.net/videos/tekpower-scr-espanol-retificador-cargador/","1","Indexable","","https://teksea.net/videos/tekpower-scr-espanol-retificador-cargador/","","index, follow, max-image-preview:large, max-snippet:-1, max-video-preview:-1","","","","",""
"https://teksea.net/subcategoria/inversor-cc-ca/","1","Indexable","","https://teksea.net/subcategoria/inversor-cc-ca/","","index, follow, max-image-preview:large, max-snippet:-1, max-video-preview:-1","","","","",""
"https://teksea.net/consolidacao-de-parceria-entre-empresas-enel-e-teksea/","1","Indexable","","https://teksea.net/consolidacao-de-parceria-entre-empresas-enel-e-teksea/","","index, follow, max-image-preview:large, max-snippet:-1, max-video-preview:-1","","","","",""
"https://teksea.net/atividades-no-navio-fsru-bw-magna-sob-um-novo-mundo-pos-virus/","1","Indexable","","https://teksea.net/atividades-no-navio-fsru-bw-magna-sob-um-novo-mundo-pos-virus/","","index, follow, max-image-preview:large, max-snippet:-1, max-video-preview:-1","","","","",""
"https://teksea.net/novo-navio-petroleiro-equipado-com-sistemas-teksea-rumo-a-fernando-de-noronha/","1","Indexable","","https://teksea.net/novo-navio-petroleiro-equipado-com-sistemas-teksea-rumo-a-fernando-de-noronha/","","index, follow, max-image-preview:large, max-snippet:-1, max-video-preview:-1","","","","",""
"https://teksea.net/produto/ccm-centro-de-controle-de-motores/","1","Indexable","","https://teksea.net/produto/ccm-centro-de-controle-de-motores/","","index, follow, max-image-preview:large, max-snippet:-1, max-video-preview:-1","","","","",""
"https://teksea.net/teksea-entrega-sistemas-de-energia-controle-comunicacao-e-automacao-para-navio-de-transporte-de-combustiveis/","1","Indexable","","https://teksea.net/teksea-entrega-sistemas-de-energia-controle-comunicacao-e-automacao-para-navio-de-transporte-de-combustiveis/","","index, follow, max-image-preview:large, max-snippet:-1, max-video-preview:-1","","","","",""
"https://teksea.net/noticias/page/2/","1","Indexable","","https://teksea.net/noticias/page/2/","","index, follow, max-image-preview:large, max-snippet:-1, max-video-preview:-1","","","https://teksea.net/noticias/","",""
"https://teksea.net/produto/retificador-carregador-chaveado-portatil-tps125-p/","1","Indexable","","https://teksea.net/produto/retificador-carregador-chaveado-portatil-tps125-p/","","index, follow, max-image-preview:large, max-snippet:-1, max-video-preview:-1","","","","",""
"https://teksea.net/central-de-documentos/?jsf=jet-engine&meta=pdf_tipo:manual","1","Non-Indexable","Canonicalised","https://teksea.net/central-de-documentos/","","index, follow, max-image-preview:large, max-snippet:-1, max-video-preview:-1","","","","",""
"https://teksea.net/central-de-documentos/?jsf=jet-engine&meta=pdf_tipo:catalogo","1","Non-Indexable","Canonicalised","https://teksea.net/central-de-documentos/","","index, follow, max-image-preview:large, max-snippet:-1, max-video-preview:-1","","","","",""
"https://teksea.net/2026/04/07/","0","Non-Indexable","noindex","","","noindex, follow","","","","",""
"https://teksea.net/videos/tekmation-thor-monitoramento-inteligente-para-telecomunicacoes/","1","Indexable","","https://teksea.net/videos/tekmation-thor-monitoramento-inteligente-para-telecomunicacoes/","","index, follow, max-image-preview:large, max-snippet:-1, max-video-preview:-1","","","","",""
"https://teksea.net/produto/tekcharger-swm/","1","Indexable","","https://teksea.net/produto/tekcharger-swm/","","index, follow, max-image-preview:large, max-snippet:-1, max-video-preview:-1","","","","",""
"https://teksea.net/videos/tekpower-tps-retificador-carregador/","1","Indexable","","https://teksea.net/videos/tekpower-tps-retificador-carregador/","","index, follow, max-image-preview:large, max-snippet:-1, max-video-preview:-1","","","","",""
"https://teksea.net/subcategoria/navegacao-e-comunicacao/","1","Indexable","","https://teksea.net/subcategoria/navegacao-e-comunicacao/","","index, follow, max-image-preview:large, max-snippet:-1, max-video-preview:-1","","","","",""
"https://teksea.net/2026/03/25/","0","Non-Indexable","noindex","","","noindex, follow","","","","",""
"https://teksea.net/produto/kral-bombas-z-series/","1","Indexable","","https://teksea.net/produto/kral-bombas-z-series/","","index, follow, max-image-preview:large, max-snippet:-1, max-video-preview:-1","","","","",""
"https://teksea.net/produto/vhf-icom-m506/","1","Indexable","","https://teksea.net/produto/vhf-icom-m506/","","index, follow, max-image-preview:large, max-snippet:-1, max-video-preview:-1","","","","",""
"https://teksea.net/produto/kral-bombas-serie-l/","1","Indexable","","https://teksea.net/produto/kral-bombas-serie-l/","","index, follow, max-image-preview:large, max-snippet:-1, max-video-preview:-1","","","","",""
"https://teksea.net/produto/retificador-carregador-chaveado-tps-48/","1","Indexable","","https://teksea.net/produto/retificador-carregador-chaveado-tps-48/","","index, follow, max-image-preview:large, max-snippet:-1, max-video-preview:-1","","","","",""
"https://teksea.net/produto/motor-h-eco/","1","Indexable","","https://teksea.net/produto/motor-h-eco/","","index, follow, max-image-preview:large, max-snippet:-1, max-video-preview:-1","","","","",""
"https://teksea.net/entrega-de-sistemas-de-energia-a-eletrobras-furnas/","1","Indexable","","https://teksea.net/entrega-de-sistemas-de-energia-a-eletrobras-furnas/","","index, follow, max-image-preview:large, max-snippet:-1, max-video-preview:-1","","","","",""
"https://teksea.net/teksea-obtem-certificacao-iso-450012018-e-fortalece-sua-cultura-de-saude-e-seguranca-no-trabalho/","1","Indexable","","https://teksea.net/teksea-obtem-certificacao-iso-450012018-e-fortalece-sua-cultura-de-saude-e-seguranca-no-trabalho/","","index, follow, max-image-preview:large, max-snippet:-1, max-video-preview:-1","","","","",""
"https://teksea.net/teksea-conquista-certificacao-iso-140012015-e-reforca-seu-compromisso-com-a-sustentabilidade-e-a-gestao-ambiental-responsavel/","1","Indexable","","https://teksea.net/teksea-conquista-certificacao-iso-140012015-e-reforca-seu-compromisso-com-a-sustentabilidade-e-a-gestao-ambiental-responsavel/","","index, follow, max-image-preview:large, max-snippet:-1, max-video-preview:-1","","","","",""
"https://teksea.net/videos/tekpower-scr-retificador-carregador/","1","Indexable","","https://teksea.net/videos/tekpower-scr-retificador-carregador/","","index, follow, max-image-preview:large, max-snippet:-1, max-video-preview:-1","","","","",""
"https://teksea.net/produto/ups-industrial-full-igbt/","1","Indexable","","https://teksea.net/produto/ups-industrial-full-igbt/","","index, follow, max-image-preview:large, max-snippet:-1, max-video-preview:-1","","","","",""
"https://teksea.net/produto/ups-comercial/","1","Indexable","","https://teksea.net/produto/ups-comercial/","","index, follow, max-image-preview:large, max-snippet:-1, max-video-preview:-1","","","","",""
"https://teksea.net/produto/conversor-estatico-de-frequencia-400hz/","1","Indexable","","https://teksea.net/produto/conversor-estatico-de-frequencia-400hz/","","index, follow, max-image-preview:large, max-snippet:-1, max-video-preview:-1","","","","",""
"https://teksea.net/produto/inversor-cc-ca-rack-19/","1","Indexable","","https://teksea.net/produto/inversor-cc-ca-rack-19/","","index, follow, max-image-preview:large, max-snippet:-1, max-video-preview:-1","","","","",""
"https://teksea.net/produto/ups-modular/","1","Indexable","","https://teksea.net/produto/ups-modular/","","index, follow, max-image-preview:large, max-snippet:-1, max-video-preview:-1","","","","",""
"https://teksea.net/produto/inversor-cc-ca-industrial/","1","Indexable","","https://teksea.net/produto/inversor-cc-ca-industrial/","","index, follow, max-image-preview:large, max-snippet:-1, max-video-preview:-1","","","","",""
"https://teksea.net/produto/kral-bombas-serie-c/","1","Indexable","","https://teksea.net/produto/kral-bombas-serie-c/","","index, follow, max-image-preview:large, max-snippet:-1, max-video-preview:-1","","","","",""
"https://teksea.net/produto/wheelhouse-tekmation-computer-touch-screen/","1","Indexable","","https://teksea.net/produto/wheelhouse-tekmation-computer-touch-screen/","","index, follow, max-image-preview:large, max-snippet:-1, max-video-preview:-1","","","","",""
"https://teksea.net/central-de-documentos/","1","Indexable","","https://teksea.net/central-de-documentos/","","index, follow, max-image-preview:large, max-snippet:-1, max-video-preview:-1","","","","",""
"https://teksea.net/teksea-entrega-1-dos-6-rebocadores-a-svitzer/","1","Indexable","","https://teksea.net/teksea-entrega-1-dos-6-rebocadores-a-svitzer/","","index, follow, max-image-preview:large, max-snippet:-1, max-video-preview:-1","","","","",""
"https://teksea.net/videos/tekpower-bki-sistemas-inversores-cc-ca-com-chave-estatica/","1","Indexable","","https://teksea.net/videos/tekpower-bki-sistemas-inversores-cc-ca-com-chave-estatica/","","index, follow, max-image-preview:large, max-snippet:-1, max-video-preview:-1","","","","",""
"https://teksea.net/2026/02/26/","0","Non-Indexable","noindex","","","noindex, follow","","","","",""
"https://teksea.net/videos/sistema-de-energia-para-telecomunicacoes-tekpower-by-teksea/","1","Indexable","","https://teksea.net/videos/sistema-de-energia-para-telecomunicacoes-tekpower-by-teksea/","","index, follow, max-image-preview:large, max-snippet:-1, max-video-preview:-1","","","","",""
