"Address","Occurrences","Meta Robots 1","X-Robots-Tag 1","Meta Refresh 1","Canonical Link Element 1","HTTP Canonical","Indexability","Indexability Status"
"https://teksea.net/","1","index, follow, max-image-preview:large, max-snippet:-1, max-video-preview:-1","","","https://teksea.net/","","Indexable",""
"https://teksea.net/wp-content/uploads/2026/02/svg-Bombas-e-Fluxometro.svg","0","","","","","","Indexable",""
"https://teksea.net/wp-content/plugins/creame-whatsapp-me/public/css/joinchat-btn.min.css?ver=6.2.3","0","","","","","","Indexable",""
"https://teksea.net/wp-content/uploads/2026/02/svg-Mobilidade-Eletrica.svg","0","","","","","","Indexable",""
"https://teksea.net/wp-content/uploads/2026/02/Assinatura-Horizontal-Preta.svg","0","","","","","","Indexable",""
"https://teksea.net/wp-content/uploads/2026/02/svg-Acucar-Etanol.svg","0","","","","","","Indexable",""
"https://teksea.net/mercados-que-atendemos/hidroeletrica/","1","index, follow, max-image-preview:large, max-snippet:-1, max-video-preview:-1","","","https://teksea.net/mercados-que-atendemos/hidroeletrica/","","Indexable",""
"https://teksea.net/produto/tekpower-scr/","1","index, follow, max-image-preview:large, max-snippet:-1, max-video-preview:-1","","","https://teksea.net/produto/tekpower-scr/","","Indexable",""
"https://teksea.net/produtos/","1","index, follow, max-image-preview:large, max-snippet:-1, max-video-preview:-1","","","https://teksea.net/produtos/","","Indexable",""
"https://teksea.net/subcategoria/tiristorizados-scr/","1","index, follow, max-image-preview:large, max-snippet:-1, max-video-preview:-1","","","https://teksea.net/subcategoria/tiristorizados-scr/","","Indexable",""
"https://teksea.net/eventos/flibs-fort-lauderdale-international-boat-show/","1","index, follow, max-image-preview:large, max-snippet:-1, max-video-preview:-1","","","https://teksea.net/eventos/flibs-fort-lauderdale-international-boat-show/","","Indexable",""
"https://teksea.net/wp-content/uploads/2026/02/img_utilidades_e_infraestrutura.webp","0","","","","","","Indexable",""
"https://teksea.net/wp-content/plugins/gtranslate/js/dropdown.js?ver=3.1.1","0","","","","","","Indexable",""
"https://teksea.net/wp-content/uploads/2026/03/kral_esta_es_leo_lubrificante-1024x1024.webp","0","","","","","","Indexable",""
"https://teksea.net/wp-content/uploads/2026/03/ams1024_m_dulo_para_monitora_o_e_alarmes-1024x1024.webp","0","","","","","","Indexable",""
"https://teksea.net/eventos/international-workboat-show/","1","index, follow, max-image-preview:large, max-snippet:-1, max-video-preview:-1","","","https://teksea.net/eventos/international-workboat-show/","","Indexable",""
"https://teksea.net/wp-includes/js/jquery/jquery.min.js?ver=3.7.1","0","","","","","","Indexable",""
"https://teksea.net/mercados-que-atendemos/telecomunicacoes/","1","index, follow, max-image-preview:large, max-snippet:-1, max-video-preview:-1","","","https://teksea.net/mercados-que-atendemos/telecomunicacoes/","","Indexable",""
"https://teksea.net/wp-content/cache/min/1/wp-content/themes/hello-elementor/assets/js/hello-frontend.js?ver=1782299569","0","","","","","","Indexable",""
"https://teksea.net/wp-content/uploads/2026/02/svg-Papel-Celulose.svg","0","","","","","","Indexable",""
"https://teksea.net/wp-content/uploads/2026/03/gradil_tekbox_1-1024x1024.webp","0","","","","","","Indexable",""
"https://teksea.net/mercados-que-atendemos/petroleo-gas/","1","index, follow, max-image-preview:large, max-snippet:-1, max-video-preview:-1","","","https://teksea.net/mercados-que-atendemos/petroleo-gas/","","Indexable",""
"https://teksea.net/wp-content/uploads/2026/02/svg-Representante.svg","0","","","","","","Indexable",""
"https://teksea.net/wp-content/uploads/2026/03/images-1.jpeg","0","","","","","","Indexable",""
"https://teksea.net/wp-content/uploads/2026/02/scr3_1_02_04_25-1024x1024.webp","0","","","","","","Indexable",""
"https://teksea.net/wp-includes/js/jquery/jquery-migrate.min.js?ver=3.4.1","0","","","","","","Indexable",""
"https://teksea.net/subcategoria/gateways-proprietarios-multiprotocolos/","1","index, follow, max-image-preview:large, max-snippet:-1, max-video-preview:-1","","","https://teksea.net/subcategoria/gateways-proprietarios-multiprotocolos/","","Indexable",""
"https://teksea.net/segmento/bombas-e-fluxometros/","1","index, follow, max-image-preview:large, max-snippet:-1, max-video-preview:-1","","","https://teksea.net/segmento/bombas-e-fluxometros/","","Indexable",""
"https://teksea.net/subcategoria/parafuso-triplo/","1","index, follow, max-image-preview:large, max-snippet:-1, max-video-preview:-1","","","https://teksea.net/subcategoria/parafuso-triplo/","","Indexable",""
"https://teksea.net/subcategoria/ups-nobreak/","1","index, follow, max-image-preview:large, max-snippet:-1, max-video-preview:-1","","","https://teksea.net/subcategoria/ups-nobreak/","","Indexable",""
"https://teksea.net/wp-content/uploads/2026/02/svg-Naval-Portos.svg","0","","","","","","Indexable",""
"https://teksea.net/subcategoria/radio-telecom/","1","index, follow, max-image-preview:large, max-snippet:-1, max-video-preview:-1","","","https://teksea.net/subcategoria/radio-telecom/","","Indexable",""
"https://teksea.net/eventos/nt-expo-negocios-nos-trilhos/","1","index, follow, max-image-preview:large, max-snippet:-1, max-video-preview:-1","","","https://teksea.net/eventos/nt-expo-negocios-nos-trilhos/","","Indexable",""
"https://teksea.net/wp-content/uploads/2026/02/svg-Petroleo-Gas.svg","0","","","","","","Indexable",""
"https://teksea.net/wp-content/uploads/2026/02/svg-fale-com-a-TekSea.svg","0","","","","","","Indexable",""
"https://teksea.net/produto/consoles-e-mesas-de-controle/","1","index, follow, max-image-preview:large, max-snippet:-1, max-video-preview:-1","","","https://teksea.net/produto/consoles-e-mesas-de-controle/","","Indexable",""
"https://teksea.net/wp-content/uploads/2026/02/svg-Eventos.svg","0","","","","","","Indexable",""
"https://teksea.net/wp-content/uploads/2026/03/scr_igbt_1_02_04_25-1024x1024.webp","0","","","","","","Indexable",""
"https://teksea.net/wp-content/uploads/2026/02/svg-Quem-Somos.svg","0","","","","","","Indexable",""
"https://teksea.net/produto/industria-paineis-de-distribuicao-eletrica/","1","index, follow, max-image-preview:large, max-snippet:-1, max-video-preview:-1","","","https://teksea.net/produto/industria-paineis-de-distribuicao-eletrica/","","Indexable",""
"https://teksea.net/wp-content/uploads/2026/02/svg-Documentacao.svg","0","","","","","","Indexable",""
"https://teksea.net/subcategoria/baterias/","1","index, follow, max-image-preview:large, max-snippet:-1, max-video-preview:-1","","","https://teksea.net/subcategoria/baterias/","","Indexable",""
"https://teksea.net/mercados-que-atendemos/saneamento/","1","index, follow, max-image-preview:large, max-snippet:-1, max-video-preview:-1","","","https://teksea.net/mercados-que-atendemos/saneamento/","","Indexable",""
"https://teksea.net/produto/iot-internet-of-things-skytek/","1","index, follow, max-image-preview:large, max-snippet:-1, max-video-preview:-1","","","https://teksea.net/produto/iot-internet-of-things-skytek/","","Indexable",""
"https://teksea.net/produto/retificador-carregador-chaveado-tps125/","1","index, follow, max-image-preview:large, max-snippet:-1, max-video-preview:-1","","","https://teksea.net/produto/retificador-carregador-chaveado-tps125/","","Indexable",""
"https://teksea.net/produto/gradil-tekbox-heavy-duty/","1","index, follow, max-image-preview:large, max-snippet:-1, max-video-preview:-1","","","https://teksea.net/produto/gradil-tekbox-heavy-duty/","","Indexable",""
"https://teksea.net/teksea-e-recertificada-na-iso-90012015-consolidando-seu-padrao-de-excelencia-em-qualidade/","1","index, follow, max-image-preview:large, max-snippet:-1, max-video-preview:-1","","","https://teksea.net/teksea-e-recertificada-na-iso-90012015-consolidando-seu-padrao-de-excelencia-em-qualidade/","","Indexable",""
"https://teksea.net/wp-content/uploads/2026/02/svg-Siderurgia-mineracao.svg","0","","","","","","Indexable",""
"https://teksea.net/eventos/sc-expo-defense/","1","index, follow, max-image-preview:large, max-snippet:-1, max-video-preview:-1","","","https://teksea.net/eventos/sc-expo-defense/","","Indexable",""
"https://teksea.net/wp-content/uploads/2026/02/svg-Automacao.svg","0","","","","","","Indexable",""
"https://teksea.net/wp-content/cache/min/1/wp-content/plugins/jet-search/assets/lib/jet-plugins/jet-plugins.js?ver=1782299569","0","","","","","","Indexable",""
"https://teksea.net/wp-includes/js/imagesloaded.min.js?ver=5.0.0","0","","","","","","Indexable",""
"https://teksea.net/sobre-nos/","1","index, follow, max-image-preview:large, max-snippet:-1, max-video-preview:-1","","","https://teksea.net/sobre-nos/","","Indexable",""
"https://teksea.net/mercados-que-atendemos/transporte/","1","index, follow, max-image-preview:large, max-snippet:-1, max-video-preview:-1","","","https://teksea.net/mercados-que-atendemos/transporte/","","Indexable",""
"https://teksea.net/wp-content/uploads/2026/03/images-2.jpeg","0","","","","","","Indexable",""
"https://teksea.net/wp-content/uploads/2026/02/img_telecomunica_es_e_data_center.webp","0","","","","","","Indexable",""
"https://teksea.net/wp-content/uploads/2026/02/img_leo_g_s_e_offshore.webp","0","","","","","","Indexable",""
"https://teksea.net/produto/thor-monitoramento-remoto/","1","index, follow, max-image-preview:large, max-snippet:-1, max-video-preview:-1","","","https://teksea.net/produto/thor-monitoramento-remoto/","","Indexable",""
"https://teksea.net/wp-content/uploads/2026/03/img_post_noticia_auditoria.webp","0","","","","","","Indexable",""
"https://teksea.net/wp-content/cache/min/1/wp-content/plugins/mask-form-elementor/assets/js/new-input-mask.js?ver=1782299569","0","","","","","","Indexable",""
"https://teksea.net/wp-content/plugins/download-manager/assets/js/front.min.js?ver=3.3.62","0","","","","","","Indexable",""
"https://teksea.net/cdn-cgi/scripts/5c5dd728/cloudflare-static/email-decode.min.js","0","","","","","","Indexable",""
"https://teksea.net/wp-content/uploads/2026/03/kral_bombas_s_rie_k-1024x1024.webp","0","","","","","","Indexable",""
"https://teksea.net/wp-content/uploads/2026/03/images-3.jpeg","0","","","","","","Indexable",""
"https://teksea.net/wp-content/uploads/2026/02/svg-Acessorios.svg","0","","","","","","Indexable",""
"https://teksea.net/produto/bms-sistema-de-monitoramento-de-baterias/","1","index, follow, max-image-preview:large, max-snippet:-1, max-video-preview:-1","","","https://teksea.net/produto/bms-sistema-de-monitoramento-de-baterias/","","Indexable",""
"https://teksea.net/investimentos-bacia-de-campos-setor-offshore/","1","index, follow, max-image-preview:large, max-snippet:-1, max-video-preview:-1","","","https://teksea.net/investimentos-bacia-de-campos-setor-offshore/","","Indexable",""
"https://teksea.net/wp-content/uploads/2026/04/OFF-TEKSEA-SITE-NOTICIA-1-scaled.png","0","","","","","","Indexable",""
"https://teksea.net/produto/tekleakage-monitoramento-de-isolacao-em-barramentos-eletricos/","1","index, follow, max-image-preview:large, max-snippet:-1, max-video-preview:-1","","","https://teksea.net/produto/tekleakage-monitoramento-de-isolacao-em-barramentos-eletricos/","","Indexable",""
"https://teksea.net/wp-content/uploads/2026/03/corenet_corebox_g2-1024x1024.webp","0","","","","","","Indexable",""
"https://teksea.net/produto/teknav-nlc-painel-luzes-de-navegacao-e-sinalizacao/","1","index, follow, max-image-preview:large, max-snippet:-1, max-video-preview:-1","","","https://teksea.net/produto/teknav-nlc-painel-luzes-de-navegacao-e-sinalizacao/","","Indexable",""
"https://teksea.net/subcategoria/compactos-moveis/","1","index, follow, max-image-preview:large, max-snippet:-1, max-video-preview:-1","","","https://teksea.net/subcategoria/compactos-moveis/","","Indexable",""
"https://teksea.net/wp-content/uploads/2026/03/kral_display_e_unidade_de_processamento_bem500-1024x1024.webp","0","","","","","","Indexable",""
"https://teksea.net/mercados-que-atendemos/mobilidade-eletrica/","1","index, follow, max-image-preview:large, max-snippet:-1, max-video-preview:-1","","","https://teksea.net/mercados-que-atendemos/mobilidade-eletrica/","","Indexable",""
"https://teksea.net/wp-content/uploads/2026/02/svg-Energia.svg","0","","","","","","Indexable",""
"https://teksea.net/wp-content/uploads/2026/02/svg-Transporte.svg","0","","","","","","Indexable",""
"https://teksea.net/wp-content/uploads/2026/02/img_industrial.webp","0","","","","","","Indexable",""
"https://teksea.net/wp-content/uploads/2026/02/svg-video.svg","0","","","","","","Indexable",""
"https://teksea.net/wp-content/uploads/2026/02/svg-Defesa-Seguranca.svg","0","","","","","","Indexable",""
"https://teksea.net/documentacao/","1","index, follow, max-image-preview:large, max-snippet:-1, max-video-preview:-1","","","https://teksea.net/documentacao/","","Indexable",""
"https://teksea.net/subcategoria/conversor-estatico/","1","index, follow, max-image-preview:large, max-snippet:-1, max-video-preview:-1","","","https://teksea.net/subcategoria/conversor-estatico/","","Indexable",""
"https://teksea.net/wp-content/uploads/2026/03/tekmation_iamcs_sistema_integrado_de_automa_o-1024x1024.webp","0","","","","","","Indexable",""
"https://teksea.net/wp-content/cache/min/1/lenis@1.1.18/dist/lenis.min.js?ver=1782299569","0","","","","","","Indexable",""
"https://teksea.net/wp-content/uploads/2026/03/tps125_1_02_04_25-1024x1024.webp","0","","","","","","Indexable",""
"https://teksea.net/wp-content/uploads/2026/02/svg-Energia-Critica.svg","0","","","","","","Indexable",""
"https://teksea.net/wp-content/plugins/elementor/assets/js/webpack.runtime.min.js?ver=4.1.4","0","","","","","","Indexable",""
"https://teksea.net/auditoria-da-petrobras-e-concluida-com-sucesso-e-reforca-qualidade-da-teksea/","1","index, follow, max-image-preview:large, max-snippet:-1, max-video-preview:-1","","","https://teksea.net/auditoria-da-petrobras-e-concluida-com-sucesso-e-reforca-qualidade-da-teksea/","","Indexable",""
"https://teksea.net/mercados-que-atendemos/defesa-seguranca/","1","index, follow, max-image-preview:large, max-snippet:-1, max-video-preview:-1","","","https://teksea.net/mercados-que-atendemos/defesa-seguranca/","","Indexable",""
"https://teksea.net/wp-content/uploads/2026/04/img_bumenau_atualizado.webp","0","","","","","","Indexable",""
"https://teksea.net/wp-includes/js/dist/hooks.min.js?ver=7496969728ca0f95732d","0","","","","","","Indexable",""
"https://teksea.net/wp-content/plugins/download-manager/assets/modal/wpdm-modal.min.js?ver=3.3.62","0","","","","","","Indexable",""
"https://teksea.net/produto/kral-display-e-unidade-de-processamento-bem500/","1","index, follow, max-image-preview:large, max-snippet:-1, max-video-preview:-1","","","https://teksea.net/produto/kral-display-e-unidade-de-processamento-bem500/","","Indexable",""
"https://teksea.net/wp-content/plugins/creame-whatsapp-me/public/js/joinchat.min.js?ver=6.2.3","0","","","","","","Indexable",""
"https://teksea.net/produto/ups-industrial-scr-igbt/","1","index, follow, max-image-preview:large, max-snippet:-1, max-video-preview:-1","","","https://teksea.net/produto/ups-industrial-scr-igbt/","","Indexable",""
"https://teksea.net/wp-content/uploads/2026/02/Logo-Teksea-Branco.svg","0","","","","","","Indexable",""
"https://teksea.net/produto/tms-1000-monitoracao-e-alarmes-de-tanques/","1","index, follow, max-image-preview:large, max-snippet:-1, max-video-preview:-1","","","https://teksea.net/produto/tms-1000-monitoracao-e-alarmes-de-tanques/","","Indexable",""
"https://teksea.net/wp-content/uploads/2026/02/svg-Saneamento.svg","0","","","","","","Indexable",""
"https://teksea.net/wp-content/uploads/2026/03/corebox_smart_g1-1024x1024.webp","0","","","","","","Indexable",""
"https://teksea.net/subcategoria/protecao/","1","index, follow, max-image-preview:large, max-snippet:-1, max-video-preview:-1","","","https://teksea.net/subcategoria/protecao/","","Indexable",""
"https://teksea.net/mercados-que-atendemos/acucar-etanol/","1","index, follow, max-image-preview:large, max-snippet:-1, max-video-preview:-1","","","https://teksea.net/mercados-que-atendemos/acucar-etanol/","","Indexable",""
"https://teksea.net/wp-content/uploads/2026/03/NT-Expo-_-o-que-fazer-no-terceiro-dia.jpg","0","","","","","","Indexable",""
"https://teksea.net/wp-content/uploads/2026/03/gen1.webp","0","","","","","","Indexable",""
"https://teksea.net/segmento/automacao/","1","index, follow, max-image-preview:large, max-snippet:-1, max-video-preview:-1","","","https://teksea.net/segmento/automacao/","","Indexable",""
"https://teksea.net/mercados-que-atendemos/siderurgia-mineracao/","1","index, follow, max-image-preview:large, max-snippet:-1, max-video-preview:-1","","","https://teksea.net/mercados-que-atendemos/siderurgia-mineracao/","","Indexable",""
"https://teksea.net/noticias/","1","index, follow, max-image-preview:large, max-snippet:-1, max-video-preview:-1","","","https://teksea.net/noticias/","","Indexable",""
"https://teksea.net/segmento/acessorios/","1","index, follow, max-image-preview:large, max-snippet:-1, max-video-preview:-1","","","https://teksea.net/segmento/acessorios/","","Indexable",""
"https://teksea.net/produto/marine-paineis-distribuicao-principal-e-auxiliares/","1","index, follow, max-image-preview:large, max-snippet:-1, max-video-preview:-1","","","https://teksea.net/produto/marine-paineis-distribuicao-principal-e-auxiliares/","","Indexable",""
"https://teksea.net/wp-content/plugins/elementor-pro/assets/js/elements-handlers.min.js?ver=4.1.2","0","","","","","","Indexable",""
"https://teksea.net/wp-content/plugins/elementor/assets/lib/swiper/v8/swiper.min.js?ver=8.4.5","0","","","","","","Indexable",""
"https://teksea.net/wp-content/cache/min/1/wp-content/plugins/mask-form-elementor/assets/js/custom-mask-script.js?ver=1782299569","0","","","","","","Indexable",""
"https://teksea.net/produto/kral-estacoes-oleo-lubrificante/","1","index, follow, max-image-preview:large, max-snippet:-1, max-video-preview:-1","","","https://teksea.net/produto/kral-estacoes-oleo-lubrificante/","","Indexable",""
"https://teksea.net/wp-content/uploads/2026/02/img_sp.webp","0","","","","","","Indexable",""
"https://teksea.net/produto/kral-bombas-serie-k/","1","index, follow, max-image-preview:large, max-snippet:-1, max-video-preview:-1","","","https://teksea.net/produto/kral-bombas-serie-k/","","Indexable",""
"https://teksea.net/mercados-que-atendemos/energia/","1","index, follow, max-image-preview:large, max-snippet:-1, max-video-preview:-1","","","https://teksea.net/mercados-que-atendemos/energia/","","Indexable",""
"https://teksea.net/subcategoria/inversor-cc-ca-com-chave-estatica/","1","index, follow, max-image-preview:large, max-snippet:-1, max-video-preview:-1","","","https://teksea.net/subcategoria/inversor-cc-ca-com-chave-estatica/","","Indexable",""
"https://teksea.net/wp-content/uploads/2026/03/1920.webp","0","","","","","","Indexable",""
"https://teksea.net/produto/radares/","1","index, follow, max-image-preview:large, max-snippet:-1, max-video-preview:-1","","","https://teksea.net/produto/radares/","","Indexable",""
"https://teksea.net/wp-content/uploads/2026/02/svg-Telecomunicacoes.svg","0","","","","","","Indexable",""
"https://teksea.net/wp-content/cache/min/1/wp-content/plugins/jet-engine/assets/js/frontend/modules/jet-smart-filters.js?ver=1782299569","0","","","","","","Indexable",""
"https://teksea.net/wp-content/cache/min/1/wp-content/plugins/jet-engine/assets/js/frontend/frontend.js?ver=1782299569","0","","","","","","Indexable",""
"https://teksea.net/produto/display-ecdis/","1","index, follow, max-image-preview:large, max-snippet:-1, max-video-preview:-1","","","https://teksea.net/produto/display-ecdis/","","Indexable",""
"https://teksea.net/wp-content/uploads/2026/03/ind_stria_pain_is_de_distribui_o_el_trica-1024x1024.webp","0","","","","","","Indexable",""
"https://teksea.net/wp-content/uploads/2026/02/img_naval_e_portu_rio.webp","0","","","","","","Indexable",""
"https://teksea.net/wp-content/plugins/download-manager/assets/js/wpdm.min.js?ver=7.0","0","","","","","","Indexable",""
"https://teksea.net/produto/tekmation-iamcs-sistema-integrado-de-automacao/","1","index, follow, max-image-preview:large, max-snippet:-1, max-video-preview:-1","","","https://teksea.net/produto/tekmation-iamcs-sistema-integrado-de-automacao/","","Indexable",""
"https://teksea.net/wp-content/uploads/2026/03/bms_1_02_04_25-1024x1024.webp","0","","","","","","Indexable",""
"https://teksea.net/wp-content/uploads/2026/02/svg-Hidroeletrica.svg","0","","","","","","Indexable",""
"https://teksea.net/wp-content/uploads/2026/03/img_post_noticia_iso_9001_v2.webp","0","","","","","","Indexable",""
"https://teksea.net/subcategoria/bombas-de-parafuso-duplo/","1","index, follow, max-image-preview:large, max-snippet:-1, max-video-preview:-1","","","https://teksea.net/subcategoria/bombas-de-parafuso-duplo/","","Indexable",""
"https://teksea.net/segmento/energia-critica/","1","index, follow, max-image-preview:large, max-snippet:-1, max-video-preview:-1","","","https://teksea.net/segmento/energia-critica/","","Indexable",""
"https://teksea.net/subcategoria/chaveados-modulares-tps/","1","index, follow, max-image-preview:large, max-snippet:-1, max-video-preview:-1","","","https://teksea.net/subcategoria/chaveados-modulares-tps/","","Indexable",""
"https://teksea.net/wp-includes/js/dist/i18n.min.js?ver=781d11515ad3d91786ec","0","","","","","","Indexable",""
"https://teksea.net/wp-content/plugins/elementor-pro/assets/js/frontend.min.js?ver=4.1.2","0","","","","","","Indexable",""
"https://teksea.net/produto/ams1024-modulo-para-monitoracao-e-alarmes/","1","index, follow, max-image-preview:large, max-snippet:-1, max-video-preview:-1","","","https://teksea.net/produto/ams1024-modulo-para-monitoracao-e-alarmes/","","Indexable",""
"https://teksea.net/eventos/mostra-bid-brasil/","1","index, follow, max-image-preview:large, max-snippet:-1, max-video-preview:-1","","","https://teksea.net/eventos/mostra-bid-brasil/","","Indexable",""
"https://teksea.net/videos/teksea-telecom-energia-que-conecta-o-mundo/","1","index, follow, max-image-preview:large, max-snippet:-1, max-video-preview:-1","","","https://teksea.net/videos/teksea-telecom-energia-que-conecta-o-mundo/","","Indexable",""
"https://teksea.net/wp-content/plugins/wp-rocket/assets/js/lazyload/17.8.3/lazyload.min.js","0","","","","","","Indexable",""
"https://teksea.net/eventos/fiee-feira-internacional-da-industria-eletrica/","1","index, follow, max-image-preview:large, max-snippet:-1, max-video-preview:-1","","","https://teksea.net/eventos/fiee-feira-internacional-da-industria-eletrica/","","Indexable",""
"https://teksea.net/wp-includes/js/jquery/ui/core.min.js?ver=1.13.3","0","","","","","","Indexable",""
"https://teksea.net/wp-content/plugins/elementor/assets/js/frontend.min.js?ver=4.1.4","0","","","","","","Indexable",""
"https://teksea.net/wp-includes/js/jquery/jquery.form.min.js?ver=4.3.0","0","","","","","","Indexable",""
"https://teksea.net/wp-content/uploads/2026/03/QEP-1024x1024.png","0","","","","","","Indexable",""
"https://teksea.net/mercados-que-atendemos/papel-celulose/","1","index, follow, max-image-preview:large, max-snippet:-1, max-video-preview:-1","","","https://teksea.net/mercados-que-atendemos/papel-celulose/","","Indexable",""
"https://teksea.net/produto/fire-system/","1","index, follow, max-image-preview:large, max-snippet:-1, max-video-preview:-1","","","https://teksea.net/produto/fire-system/","","Indexable",""
"https://teksea.net/wp-content/plugins/elementor-pro/assets/js/webpack-pro.runtime.min.js?ver=4.1.2","0","","","","","","Indexable",""
"https://teksea.net/wp-content/uploads/2026/03/kral_fluxometro_s_rie_omp-1024x1024.webp","0","","","","","","Indexable",""
"https://teksea.net/wp-content/uploads/2026/02/svg-canal-de-etica.svg","0","","","","","","Indexable",""
"https://teksea.net/mercados-que-atendemos/naval-portos/","1","index, follow, max-image-preview:large, max-snippet:-1, max-video-preview:-1","","","https://teksea.net/mercados-que-atendemos/naval-portos/","","Indexable",""
"https://teksea.net/produto/bnwas-bridge-navigational-watch-alarm-system/","1","index, follow, max-image-preview:large, max-snippet:-1, max-video-preview:-1","","","https://teksea.net/produto/bnwas-bridge-navigational-watch-alarm-system/","","Indexable",""
"https://teksea.net/produto/corenet-corebox-g2/","1","index, follow, max-image-preview:large, max-snippet:-1, max-video-preview:-1","","","https://teksea.net/produto/corenet-corebox-g2/","","Indexable",""
"https://teksea.net/produto/corebox-smart-g1/","1","index, follow, max-image-preview:large, max-snippet:-1, max-video-preview:-1","","","https://teksea.net/produto/corebox-smart-g1/","","Indexable",""
"https://teksea.net/wp-content/plugins/elementor/assets/js/frontend-modules.min.js?ver=4.1.4","0","","","","","","Indexable",""
"https://teksea.net/wp-content/uploads/2026/02/img_mobilidade_e_transporte.webp","0","","","","","","Indexable",""
"https://teksea.net/wp-content/uploads/2026/03/corebox_smart_g1.webp","0","","","","","","Indexable",""
"https://teksea.net/wp-content/uploads/2026/03/corenet_corebox_g2.webp","0","","","","","","Indexable",""
"https://teksea.net/wp-content/uploads/2026/03/bnwas_bridge_navigational_watch_alarm_system.webp","0","","","","","","Indexable",""
"https://teksea.net/fale-conosco/","1","index, follow, max-image-preview:large, max-snippet:-1, max-video-preview:-1","","","https://teksea.net/fale-conosco/","","Indexable",""
"https://teksea.net/wp-content/uploads/2026/03/fire_system.webp","0","","","","","","Indexable",""
"https://teksea.net/produto/kral-fluxometro-serie-omp/","1","index, follow, max-image-preview:large, max-snippet:-1, max-video-preview:-1","","","https://teksea.net/produto/kral-fluxometro-serie-omp/","","Indexable",""
"https://teksea.net/wp-content/uploads/2026/03/kral_fluxometro_s_rie_omp.webp","0","","","","","","Indexable",""
"https://teksea.net/wp-content/uploads/2026/04/RelatorioIgualdadeSalarialLote_2026_1_12515928000198.pdf","0","","","","","","Indexable",""
"https://teksea.net/wp-content/uploads/2026/04/2-2025-Relatorio-Igualdade-Salarial.pdf","0","","","","","","Indexable",""
"https://teksea.net/wp-content/uploads/2026/04/1-2025-Relatorio-Igualdade-Salarial.pdf","0","","","","","","Indexable",""
"https://teksea.net/videos/","1","index, follow, max-image-preview:large, max-snippet:-1, max-video-preview:-1","","","https://teksea.net/videos/","","Indexable",""
"https://teksea.net/wp-content/uploads/2026/03/ams1024_m_dulo_para_monitora_o_e_alarmes.webp","0","","","","","","Indexable",""
"https://teksea.net/produto/retificador-carregador-chaveado-tps-24/","1","index, follow, max-image-preview:large, max-snippet:-1, max-video-preview:-1","","","https://teksea.net/produto/retificador-carregador-chaveado-tps-24/","","Indexable",""
"https://teksea.net/wp-content/uploads/2026/03/tps24_1_02_04_25-1024x1024.webp","0","","","","","","Indexable",""
"https://teksea.net/videos/tekpower-scr-espanol-retificador-cargador/","1","index, follow, max-image-preview:large, max-snippet:-1, max-video-preview:-1","","","https://teksea.net/videos/tekpower-scr-espanol-retificador-cargador/","","Indexable",""
"https://teksea.net/wp-content/uploads/2026/03/autom_caract1_768x1897_1.webp","0","","","","","","Indexable",""
"https://teksea.net/wp-content/uploads/2026/03/display_ecdis.webp","0","","","","","","Indexable",""
"https://teksea.net/wp-content/uploads/2026/03/tekmation_iamcs_sistema_integrado_de_automa_o.webp","0","","","","","","Indexable",""
"https://teksea.net/wp-content/uploads/2026/03/eg_g2a_1.webp","0","","","","","","Indexable",""
"https://teksea.net/subcategoria/inversor-cc-ca/","1","index, follow, max-image-preview:large, max-snippet:-1, max-video-preview:-1","","","https://teksea.net/subcategoria/inversor-cc-ca/","","Indexable",""
"https://teksea.net/wp-content/uploads/2026/03/radares.webp","0","","","","","","Indexable",""
"https://teksea.net/wp-content/uploads/2026/03/kral_bombas_s_rie_k.webp","0","","","","","","Indexable",""
"https://teksea.net/wp-content/uploads/2026/03/kral_esta_es_leo_lubrificante.webp","0","","","","","","Indexable",""
"https://teksea.net/wp-content/uploads/2026/03/QEP.png","0","","","","","","Indexable",""
"https://teksea.net/wp-content/uploads/2026/03/consoles_e_mesas_de_controle-1024x1024.webp","0","","","","","","Indexable",""
"https://teksea.net/wp-content/uploads/2026/03/ccm_centro_de_controle_de_motores-1024x1024.webp","0","","","","","","Indexable",""
"https://teksea.net/wp-content/uploads/2026/03/tekleakage_monitoramento_de_isola_o_em_barramentos_el_tricos-1024x1024.webp","0","","","","","","Indexable",""
"https://teksea.net/wp-content/uploads/2026/02/img_post_noticia_3.webp","0","","","","","","Indexable",""
"https://teksea.net/wp-content/uploads/2026/02/img_post_noticia_5.webp","0","","","","","","Indexable",""
"https://teksea.net/consolidacao-de-parceria-entre-empresas-enel-e-teksea/","1","index, follow, max-image-preview:large, max-snippet:-1, max-video-preview:-1","","","https://teksea.net/consolidacao-de-parceria-entre-empresas-enel-e-teksea/","","Indexable",""
"https://teksea.net/atividades-no-navio-fsru-bw-magna-sob-um-novo-mundo-pos-virus/","1","index, follow, max-image-preview:large, max-snippet:-1, max-video-preview:-1","","","https://teksea.net/atividades-no-navio-fsru-bw-magna-sob-um-novo-mundo-pos-virus/","","Indexable",""
"https://teksea.net/wp-content/uploads/2026/02/img_post_noticia_6.webp","0","","","","","","Indexable",""
"https://teksea.net/novo-navio-petroleiro-equipado-com-sistemas-teksea-rumo-a-fernando-de-noronha/","1","index, follow, max-image-preview:large, max-snippet:-1, max-video-preview:-1","","","https://teksea.net/novo-navio-petroleiro-equipado-com-sistemas-teksea-rumo-a-fernando-de-noronha/","","Indexable",""
"https://teksea.net/produto/ccm-centro-de-controle-de-motores/","1","index, follow, max-image-preview:large, max-snippet:-1, max-video-preview:-1","","","https://teksea.net/produto/ccm-centro-de-controle-de-motores/","","Indexable",""
"https://teksea.net/wp-content/uploads/2026/02/img_post_noticia_2.webp","0","","","","","","Indexable",""
"https://teksea.net/teksea-entrega-sistemas-de-energia-controle-comunicacao-e-automacao-para-navio-de-transporte-de-combustiveis/","1","index, follow, max-image-preview:large, max-snippet:-1, max-video-preview:-1","","","https://teksea.net/teksea-entrega-sistemas-de-energia-controle-comunicacao-e-automacao-para-navio-de-transporte-de-combustiveis/","","Indexable",""
"https://teksea.net/wp-content/uploads/2026/03/display_ecdis-1024x1024.webp","0","","","","","","Indexable",""
"https://teksea.net/wp-content/uploads/2026/03/tms_1000_monitora_o_e_alarmes_de_tanques-1024x1024.webp","0","","","","","","Indexable",""
"https://teksea.net/wp-content/uploads/2026/03/radares-1024x1024.webp","0","","","","","","Indexable",""
"https://teksea.net/wp-content/uploads/2026/03/CRSL-0030-871x1024.webp","0","","","","","","Indexable",""
"https://teksea.net/wp-content/uploads/2026/03/tms_1000_monitora_o_e_alarmes_de_tanques.webp","0","","","","","","Indexable",""
"https://teksea.net/wp-content/uploads/2026/03/scr_igbt_1_02_04_25.webp","0","","","","","","Indexable",""
"https://teksea.net/wp-content/uploads/2026/03/kral_display_e_unidade_de_processamento_bem500.webp","0","","","","","","Indexable",""
"https://teksea.net/wp-content/uploads/2026/03/IMG-certificados.svg","0","","","","","","Indexable",""
"https://teksea.net/wp-content/uploads/2026/03/IMG-catalogo.svg","0","","","","","","Indexable",""
"https://teksea.net/wp-content/uploads/2026/03/IMG-manuais.svg","0","","","","","","Indexable",""
"https://teksea.net/wp-content/uploads/2026/03/tps125p_1_02_04_25-1024x1024.webp","0","","","","","","Indexable",""
"https://teksea.net/noticias/page/2/","1","index, follow, max-image-preview:large, max-snippet:-1, max-video-preview:-1","","","https://teksea.net/noticias/page/2/","","Indexable",""
"https://teksea.net/wp-content/uploads/2026/03/ihm_nlc_2_1.webp","0","","","","","","Indexable",""
"https://teksea.net/wp-content/uploads/2026/03/teknav_nlc_painel_luzes_de_navega_o_e_sinaliza_o.webp","0","","","","","","Indexable",""
"https://teksea.net/wp-content/uploads/2026/03/modulo_dc_1_1.webp","0","","","","","","Indexable",""
"https://teksea.net/wp-content/uploads/2026/03/modulo_ac_1_1.webp","0","","","","","","Indexable",""
"https://teksea.net/produto/retificador-carregador-chaveado-portatil-tps125-p/","1","index, follow, max-image-preview:large, max-snippet:-1, max-video-preview:-1","","","https://teksea.net/produto/retificador-carregador-chaveado-portatil-tps125-p/","","Indexable",""
"https://teksea.net/wp-content/uploads/2026/03/tekleakage_monitoramento_de_isola_o_em_barramentos_el_tricos.webp","0","","","","","","Indexable",""
"https://teksea.net/wp-content/plugins/elementor-pro/assets/css/widget-post-info.min.css?ver=4.1.2","0","","","","","","Indexable",""
"https://teksea.net/central-de-documentos/?jsf=jet-engine&meta=pdf_tipo:manual","1","index, follow, max-image-preview:large, max-snippet:-1, max-video-preview:-1","","","https://teksea.net/central-de-documentos/","","Non-Indexable","Canonicalised"
"https://teksea.net/wp-content/plugins/elementor/assets/css/widget-divider.min.css?ver=4.1.4","0","","","","","","Indexable",""
"https://teksea.net/wp-content/cache/min/1/wp-content/plugins/download-manager/assets/wpdm-iconfont/css/wpdm-icons.css?ver=1783441967","0","","","","","","Indexable",""
"https://teksea.net/wp-content/plugins/download-manager/assets/modal/wpdm-modal.min.css?ver=3.3.62","0","","","","","","Indexable",""
"https://teksea.net/wp-content/cache/background-css/1/teksea.net/wp-content/plugins/download-manager/assets/css/front-dark.min.css?ver=3.3.62&wpr_t=1783432579","0","","","","","","Indexable",""
"https://teksea.net/central-de-documentos/?jsf=jet-engine&meta=pdf_tipo:catalogo","1","index, follow, max-image-preview:large, max-snippet:-1, max-video-preview:-1","","","https://teksea.net/central-de-documentos/","","Non-Indexable","Canonicalised"
"https://teksea.net/wp-content/plugins/elementor-pro/assets/css/widget-post-navigation.min.css?ver=4.1.2","0","","","","","","Indexable",""
"https://teksea.net/wp-content/uploads/elementor/css/custom-widget-icon-list.min.css?ver=1783441923","0","","","","","","Indexable",""
"https://teksea.net/wp-content/plugins/elementor/assets/css/widget-nested-accordion.min.css?ver=4.1.4","0","","","","","","Indexable",""
"https://teksea.net/wp-content/plugins/elementor/assets/lib/animations/styles/fadeInUp.min.css?ver=4.1.4","0","","","","","","Indexable",""
"https://teksea.net/wp-content/uploads/elementor/css/post-42.css?ver=1783441924","0","","","","","","Indexable",""
"https://teksea.net/wp-content/cache/min/1/wp-content/themes/hello-elementor/assets/css/header-footer.css?ver=1783441967","0","","","","","","Indexable",""
"https://teksea.net/wp-content/cache/background-css/1/teksea.net/wp-content/plugins/download-manager/assets/css/front.min.css?ver=3.3.62&wpr_t=1783432579","0","","","","","","Indexable",""
"https://teksea.net/wp-includes/blocks/paragraph/style.min.css?ver=7.0","0","","","","","","Indexable",""
"https://teksea.net/wp-content/plugins/elementor-pro/assets/css/conditionals/popup.min.css?ver=4.1.2","0","","","","","","Indexable",""
"https://teksea.net/wp-content/cache/fonts/1/google-fonts/css/1/a/d/6af3f99c08f6a36b5997e9266be13.css","0","","","","","","Indexable",""
"https://teksea.net/wp-content/uploads/elementor/css/custom-frontend.min.css?ver=1783441923","0","","","","","","Indexable",""
"https://teksea.net/wp-content/plugins/elementor/assets/lib/animations/styles/fadeInRight.min.css?ver=4.1.4","0","","","","","","Indexable",""
"https://teksea.net/wp-content/cache/min/1/kpr6vgf.css?ver=1783441967","0","","","","","","Indexable",""
"https://teksea.net/wp-content/cache/min/1/wp-content/plugins/jet-search/assets/css/jet-search.css?ver=1783441967","0","","","","","","Indexable",""
"https://teksea.net/wp-content/plugins/elementor-pro/assets/css/widget-search.min.css?ver=4.1.2","0","","","","","","Indexable",""
"https://teksea.net/wp-content/plugins/elementor/assets/css/widget-image.min.css?ver=4.1.4","0","","","","","","Indexable",""
"https://teksea.net/wp-content/plugins/elementor/assets/lib/animations/styles/e-animation-grow.min.css?ver=4.1.4","0","","","","","","Indexable",""
"https://teksea.net/wp-content/cache/background-css/1/teksea.net/wp-content/plugins/jet-search/assets/lib/chosen/chosen.min.css?ver=1.8.7&wpr_t=1783432579","0","","","","","","Indexable",""
"https://teksea.net/wp-content/plugins/elementor-pro/assets/css/widget-form.min.css?ver=4.1.2","0","","","","","","Indexable",""
"https://teksea.net/2026/04/07/","1","noindex, follow","","","","","Non-Indexable","noindex"
"https://teksea.net/wp-content/uploads/elementor/css/post-2286.css?ver=1783441924","0","","","","","","Indexable",""
"https://teksea.net/wp-content/uploads/elementor/css/custom-apple-webkit.min.css?ver=1783441923","0","","","","","","Indexable",""
"https://teksea.net/wp-content/plugins/elementor-pro/assets/css/widget-off-canvas.min.css?ver=4.1.2","0","","","","","","Indexable",""
"https://teksea.net/wp-content/uploads/elementor/css/post-1003.css?ver=1783443379","0","","","","","","Indexable",""
"https://teksea.net/wp-content/plugins/elementor/assets/css/widget-social-icons.min.css?ver=4.1.4","0","","","","","","Indexable",""
"https://teksea.net/wp-content/cache/background-css/1/teksea.net/wp-content/uploads/elementor/css/post-44.css?ver=1783441924&wpr_t=1783432579","0","","","","","","Indexable",""
"https://teksea.net/wp-content/plugins/elementor-pro/assets/css/widget-share-buttons.min.css?ver=4.1.2","0","","","","","","Indexable",""
"https://teksea.net/wp-content/plugins/elementor/assets/css/widget-heading.min.css?ver=4.1.4","0","","","","","","Indexable",""
"https://teksea.net/wp-content/uploads/elementor/css/post-21.css?ver=1783441923","0","","","","","","Indexable",""
"https://teksea.net/wp-content/cache/min/1/wp-content/themes/hello-elementor/assets/css/theme.css?ver=1783441967","0","","","","","","Indexable",""
"https://teksea.net/wp-content/plugins/elementor-pro/assets/css/widget-breadcrumbs.min.css?ver=4.1.2","0","","","","","","Indexable",""
"https://teksea.net/wp-content/cache/min/1/wp-content/plugins/jet-engine/assets/css/frontend.css?ver=1783441967","0","","","","","","Indexable",""
"https://teksea.net/wp-content/uploads/elementor/css/post-1311.css?ver=1783441924","0","","","","","","Indexable",""
"https://teksea.net/wp-content/plugins/elementor-pro/assets/css/widget-posts.min.css?ver=4.1.2","0","","","","","","Indexable",""
"https://teksea.net/wp-content/cache/min/1/wp-content/themes/hello-elementor/assets/css/reset.css?ver=1783441967","0","","","","","","Indexable",""
"https://teksea.net/wp-content/uploads/2026/03/thor_monitoramento_remoto.webp","0","","","","","","Indexable",""
"https://teksea.net/wp-content/uploads/2026/03/bms_1_02_04_25.webp","0","","","","","","Indexable",""
"https://teksea.net/wp-content/uploads/2026/03/tekcharger_1_02_04_25-1024x1024.webp","0","","","","","","Indexable",""
"https://teksea.net/wp-content/uploads/2026/02/image_nossa_equipe.webp","0","","","","","","Indexable",""
"https://teksea.net/wp-content/uploads/2026/03/image_manufacturing_assessment_american_bureau_shipping2_1x.webp","0","","","","","","Indexable",""
"https://teksea.net/wp-content/uploads/2026/03/image_design_assessment_american_bureau_shipping_teksea_1x_1_1x.webp","0","","","","","","Indexable",""
"https://teksea.net/wp-content/uploads/2026/03/image_certificado_carregadores_de_baterias_tekcharger_bureau_veritas_teksea_1x_1_1x.webp","0","","","","","","Indexable",""
"https://teksea.net/wp-content/uploads/2026/03/image_type_approval_certificate_bridge_navigational_watch_alarm_system_abs_teksea_1x_1_1x.webp","0","","","","","","Indexable",""
"https://teksea.net/wp-content/uploads/2026/03/image_manufacturing_assessment_american_bureau_shipping_1x.webp","0","","","","","","Indexable",""
"https://teksea.net/wp-content/uploads/2026/03/image_ohs_835480_sistema_de_gest_o_de_saude_e_seguran_a_ocupacional_1x_1_1x.webp","0","","","","","","Indexable",""
"https://teksea.net/videos/tekmation-thor-monitoramento-inteligente-para-telecomunicacoes/","1","index, follow, max-image-preview:large, max-snippet:-1, max-video-preview:-1","","","https://teksea.net/videos/tekmation-thor-monitoramento-inteligente-para-telecomunicacoes/","","Indexable",""
"https://teksea.net/wp-content/uploads/2026/03/image_certificado_tps48300_page_0001_1.webp","0","","","","","","Indexable",""
"https://teksea.net/wp-content/uploads/2026/03/image_fm_612678_sistema_de_gesta_o_da_qualidade.webp","0","","","","","","Indexable",""
"https://teksea.net/produto/tekcharger-swm/","1","index, follow, max-image-preview:large, max-snippet:-1, max-video-preview:-1","","","https://teksea.net/produto/tekcharger-swm/","","Indexable",""
"https://teksea.net/wp-content/uploads/2026/03/image_el_cs_200037_page_0001_1.webp","0","","","","","","Indexable",""
"https://teksea.net/wp-content/uploads/2026/03/image_ensaios_clim_ticos_linha_tekpower_inpe_teksea_1x_1_1x.webp","0","","","","","","Indexable",""
"https://teksea.net/wp-content/uploads/2026/02/image_parceria_com_universidades.webp","0","","","","","","Indexable",""
"https://teksea.net/wp-content/uploads/2026/03/image_certificate_for_battery_and_accessories_bureau_veritas_1x.webp","0","","","","","","Indexable",""
"https://teksea.net/wp-content/uploads/2026/03/image_ensaios_de_vibra_o_linha_tekpower_ibec_teksea_1x_1_1x.webp","0","","","","","","Indexable",""
"https://teksea.net/wp-content/uploads/2026/03/image_acceptance_test_certificate_automa_o_rina_teksea_1x_1_1x.webp","0","","","","","","Indexable",""
"https://teksea.net/wp-content/uploads/2026/03/image_type_approval_certificate_automa_o_accu_e_abcu_abs_teksea_1x_1_1x.webp","0","","","","","","Indexable",""
"https://teksea.net/wp-content/uploads/2026/03/image_ensaios_de_choque_linha_tekpower_inpe_teksea_1x_1_1x.webp","0","","","","","","Indexable",""
"https://teksea.net/wp-content/uploads/2026/02/image_laborat_rios.webp","0","","","","","","Indexable",""
"https://teksea.net/wp-content/uploads/2026/03/image_technical_report_page_0001_1.webp","0","","","","","","Indexable",""
"https://teksea.net/wp-content/uploads/2026/03/image_ensaios_de_emi_emc_linha_tekpower_inpe_teksea_1x_1_1x.webp","0","","","","","","Indexable",""
"https://teksea.net/wp-content/uploads/2026/03/image_ems_835479_ssitema_de_gest_o_ambiental_1x_1_1x.webp","0","","","","","","Indexable",""
"https://teksea.net/wp-content/uploads/2026/03/gradil_tekbox_1.webp","0","","","","","","Indexable",""
"https://teksea.net/wp-content/uploads/2026/03/tps125_1_02_04_25.webp","0","","","","","","Indexable",""
"https://teksea.net/wp-content/uploads/2026/03/CRSL-0030.webp","0","","","","","","Indexable",""
"https://teksea.net/wp-content/uploads/2026/03/page_iot1_1.webp","0","","","","","","Indexable",""
"https://teksea.net/wp-content/uploads/2026/03/tks_png_page_empur_iamcs_1.webp","0","","","","","","Indexable",""
"https://teksea.net/videos/tekpower-tps-retificador-carregador/","1","index, follow, max-image-preview:large, max-snippet:-1, max-video-preview:-1","","","https://teksea.net/videos/tekpower-tps-retificador-carregador/","","Indexable",""
"https://teksea.net/wp-content/uploads/2026/03/ind_stria_pain_is_de_distribui_o_el_trica.webp","0","","","","","","Indexable",""
"https://teksea.net/wp-content/uploads/2026/03/consoles_e_mesas_de_controle.webp","0","","","","","","Indexable",""
"https://teksea.net/subcategoria/navegacao-e-comunicacao/","1","index, follow, max-image-preview:large, max-snippet:-1, max-video-preview:-1","","","https://teksea.net/subcategoria/navegacao-e-comunicacao/","","Indexable",""
"https://teksea.net/2026/03/25/","1","noindex, follow","","","","","Non-Indexable","noindex"
"https://teksea.net/wp-content/uploads/2026/03/kral_bombas_z_series-1024x1024.webp","0","","","","","","Indexable",""
"https://teksea.net/produto/kral-bombas-z-series/","1","index, follow, max-image-preview:large, max-snippet:-1, max-video-preview:-1","","","https://teksea.net/produto/kral-bombas-z-series/","","Indexable",""
"https://teksea.net/produto/vhf-icom-m506/","1","index, follow, max-image-preview:large, max-snippet:-1, max-video-preview:-1","","","https://teksea.net/produto/vhf-icom-m506/","","Indexable",""
"https://teksea.net/wp-content/uploads/2026/03/vhf_icom_m506-1024x1024.webp","0","","","","","","Indexable",""
"https://teksea.net/wp-content/uploads/2026/03/kral_bombas_s_rie_l-1-1024x1024.webp","0","","","","","","Indexable",""
"https://teksea.net/wp-content/uploads/2026/03/motor_h_eco-1024x1024.webp","0","","","","","","Indexable",""
"https://teksea.net/wp-content/uploads/2026/03/tps48_1_02_04_25-1024x1024.webp","0","","","","","","Indexable",""
"https://teksea.net/wp-content/uploads/2026/03/thor_monitoramento_remoto-1024x1024.webp","0","","","","","","Indexable",""
"https://teksea.net/produto/kral-bombas-serie-l/","1","index, follow, max-image-preview:large, max-snippet:-1, max-video-preview:-1","","","https://teksea.net/produto/kral-bombas-serie-l/","","Indexable",""
"https://teksea.net/produto/retificador-carregador-chaveado-tps-48/","1","index, follow, max-image-preview:large, max-snippet:-1, max-video-preview:-1","","","https://teksea.net/produto/retificador-carregador-chaveado-tps-48/","","Indexable",""
"https://teksea.net/produto/motor-h-eco/","1","index, follow, max-image-preview:large, max-snippet:-1, max-video-preview:-1","","","https://teksea.net/produto/motor-h-eco/","","Indexable",""
"https://teksea.net/wp-includes/js/jquery/ui/datepicker.min.js?ver=1.13.3","0","","","","","","Indexable",""
"https://teksea.net/wp-content/cache/min/1/wp-content/plugins/jet-smart-filters/assets/js/public.js?ver=1782299658","0","","","","","","Indexable",""
"https://teksea.net/wp-content/uploads/2026/03/img_post_noticia_iso_14001.webp","0","","","","","","Indexable",""
"https://teksea.net/entrega-de-sistemas-de-energia-a-eletrobras-furnas/","1","index, follow, max-image-preview:large, max-snippet:-1, max-video-preview:-1","","","https://teksea.net/entrega-de-sistemas-de-energia-a-eletrobras-furnas/","","Indexable",""
"https://teksea.net/teksea-obtem-certificacao-iso-450012018-e-fortalece-sua-cultura-de-saude-e-seguranca-no-trabalho/","1","index, follow, max-image-preview:large, max-snippet:-1, max-video-preview:-1","","","https://teksea.net/teksea-obtem-certificacao-iso-450012018-e-fortalece-sua-cultura-de-saude-e-seguranca-no-trabalho/","","Indexable",""
"https://teksea.net/wp-content/uploads/2026/02/img_post_noticia_7.webp","0","","","","","","Indexable",""
"https://teksea.net/wp-content/uploads/2026/03/img_post_noticia_iso_45001.webp","0","","","","","","Indexable",""
"https://teksea.net/teksea-conquista-certificacao-iso-140012015-e-reforca-seu-compromisso-com-a-sustentabilidade-e-a-gestao-ambiental-responsavel/","1","index, follow, max-image-preview:large, max-snippet:-1, max-video-preview:-1","","","https://teksea.net/teksea-conquista-certificacao-iso-140012015-e-reforca-seu-compromisso-com-a-sustentabilidade-e-a-gestao-ambiental-responsavel/","","Indexable",""
"https://teksea.net/wp-content/plugins/elementor-pro/assets/lib/sticky/jquery.sticky.min.js?ver=4.1.2","0","","","","","","Indexable",""
"https://teksea.net/wp-content/uploads/2026/02/scr3_1_02_04_25.webp","0","","","","","","Indexable",""
"https://teksea.net/videos/tekpower-scr-retificador-carregador/","1","index, follow, max-image-preview:large, max-snippet:-1, max-video-preview:-1","","","https://teksea.net/videos/tekpower-scr-retificador-carregador/","","Indexable",""
"https://teksea.net/wp-content/uploads/2026/03/ups_comercial_1_02_04_25-1024x1024.webp","0","","","","","","Indexable",""
"https://teksea.net/wp-content/uploads/2026/06/inversor_cc_ca_rack_19_11_05_25-1024x1024.webp","0","","","","","","Indexable",""
"https://teksea.net/wp-content/cache/min/1/wp-content/plugins/mask-form-elementor/assets/deprecate_js/maskformelementor.js?ver=1782299658","0","","","","","","Indexable",""
"https://teksea.net/wp-content/uploads/2026/03/bki_1_02_04_25-1024x1024.webp","0","","","","","","Indexable",""
"https://teksea.net/produto/ups-industrial-full-igbt/","1","index, follow, max-image-preview:large, max-snippet:-1, max-video-preview:-1","","","https://teksea.net/produto/ups-industrial-full-igbt/","","Indexable",""
"https://teksea.net/produto/ups-comercial/","1","index, follow, max-image-preview:large, max-snippet:-1, max-video-preview:-1","","","https://teksea.net/produto/ups-comercial/","","Indexable",""
"https://teksea.net/produto/conversor-estatico-de-frequencia-400hz/","1","index, follow, max-image-preview:large, max-snippet:-1, max-video-preview:-1","","","https://teksea.net/produto/conversor-estatico-de-frequencia-400hz/","","Indexable",""
"https://teksea.net/wp-content/plugins/mask-form-elementor/assets/deprecate_js/jquery.mask.min.js?ver=1.0","0","","","","","","Indexable",""
"https://teksea.net/wp-content/uploads/2026/03/conversor_estatico_de_frequencia_1_06_04_25-1024x1024.webp","0","","","","","","Indexable",""
"https://teksea.net/produto/inversor-cc-ca-rack-19/","1","index, follow, max-image-preview:large, max-snippet:-1, max-video-preview:-1","","","https://teksea.net/produto/inversor-cc-ca-rack-19/","","Indexable",""
"https://teksea.net/wp-content/plugins/wp-rocket/assets/js/wpr-beacon.min.js","0","","","","","","Indexable",""
"https://teksea.net/wp-content/uploads/2026/03/ups_modular_3_02_04_25-1024x1024.webp","0","","","","","","Indexable",""
"https://teksea.net/wp-content/uploads/2026/03/kral_bombas_s_rie_c-1024x1024.webp","0","","","","","","Indexable",""
"https://teksea.net/produto/ups-modular/","1","index, follow, max-image-preview:large, max-snippet:-1, max-video-preview:-1","","","https://teksea.net/produto/ups-modular/","","Indexable",""
"https://teksea.net/wp-content/uploads/2026/03/ups_full_igbt_1_02_04_25-1024x1024.webp","0","","","","","","Indexable",""
"https://teksea.net/wp-content/uploads/2026/06/inversor_cc_ca_rack_19_11_05_25.webp","0","","","","","","Indexable",""
"https://teksea.net/produto/inversor-cc-ca-industrial/","1","index, follow, max-image-preview:large, max-snippet:-1, max-video-preview:-1","","","https://teksea.net/produto/inversor-cc-ca-industrial/","","Indexable",""
"https://teksea.net/produto/kral-bombas-serie-c/","1","index, follow, max-image-preview:large, max-snippet:-1, max-video-preview:-1","","","https://teksea.net/produto/kral-bombas-serie-c/","","Indexable",""
"https://teksea.net/wp-content/uploads/2026/03/ups_modular_3_02_04_25.webp","0","","","","","","Indexable",""
"https://teksea.net/wp-content/uploads/2026/03/ups_comercial_1_02_04_25.webp","0","","","","","","Indexable",""
"https://teksea.net/wp-content/uploads/2026/03/conversor_estatico_de_frequencia_1_06_04_25.webp","0","","","","","","Indexable",""
"https://teksea.net/wp-content/uploads/2026/03/bki_1_02_04_25.webp","0","","","","","","Indexable",""
"https://teksea.net/wp-content/uploads/2026/03/kral_bombas_s_rie_c.webp","0","","","","","","Indexable",""
"https://teksea.net/wp-content/uploads/2026/03/ups_full_igbt_1_02_04_25.webp","0","","","","","","Indexable",""
"https://teksea.net/wp-content/uploads/2026/03/motor_h_eco.webp","0","","","","","","Indexable",""
"https://teksea.net/wp-content/uploads/2026/03/tps48_1_02_04_25.webp","0","","","","","","Indexable",""
"https://teksea.net/wp-content/uploads/2026/03/kral_bombas_s_rie_l-1.webp","0","","","","","","Indexable",""
"https://teksea.net/wp-content/uploads/2026/03/vhf_icom_m506.webp","0","","","","","","Indexable",""
"https://teksea.net/wp-content/uploads/2026/03/kral_bombas_z_series.webp","0","","","","","","Indexable",""
"https://teksea.net/wp-content/uploads/2026/03/wheelhouse_tekmation_computer_touch_screen-1024x1024.webp","0","","","","","","Indexable",""
"https://teksea.net/wp-content/uploads/2026/03/tekcharger_1_02_04_25.webp","0","","","","","","Indexable",""
"https://teksea.net/wp-content/uploads/2026/04/OFF-TEKSEA-SITE-NOTICIA-1-1024x479.png","0","","","","","","Indexable",""
"https://teksea.net/wp-content/plugins/jet-search/assets/lib/chosen/chosen.min.css?ver=1.8.7","0","","","","","","Indexable",""
"https://teksea.net/wp-content/themes/hello-elementor/assets/css/header-footer.css?ver=3.4.9","0","","","","","","Indexable",""
"https://teksea.net/wp-content/plugins/jet-search/assets/css/jet-search.css?ver=3.6.1.2","0","","","","","","Indexable",""
"https://teksea.net/wp-content/uploads/elementor/css/post-44.css?ver=1783441924","0","","","","","","Indexable",""
"https://teksea.net/wp-content/plugins/mask-form-elementor/assets/js/new-input-mask.js?ver=4.4.3","0","","","","","","Indexable",""
"https://teksea.net/wp-content/plugins/jet-search/assets/lib/jet-plugins/jet-plugins.js?ver=1.0.0","0","","","","","","Indexable",""
"https://teksea.net/wp-content/plugins/download-manager/assets/wpdm-iconfont/css/wpdm-icons.css?ver=7.0","0","","","","","","Indexable",""
"https://teksea.net/produto/wheelhouse-tekmation-computer-touch-screen/","1","index, follow, max-image-preview:large, max-snippet:-1, max-video-preview:-1","","","https://teksea.net/produto/wheelhouse-tekmation-computer-touch-screen/","","Indexable",""
"https://teksea.net/wp-content/plugins/jet-engine/assets/js/frontend/modules/jet-smart-filters.js?ver=3.8.11.1","0","","","","","","Indexable",""
"https://teksea.net/wp-content/uploads/elementor/css/post-1652.css?ver=1783441966","0","","","","","","Indexable",""
"https://teksea.net/wp-content/plugins/jet-smart-filters/assets/js/public.js?ver=3.8.3.1","0","","","","","","Indexable",""
"https://teksea.net/wp-content/themes/hello-elementor/assets/js/hello-frontend.js?ver=3.4.9","0","","","","","","Indexable",""
"https://teksea.net/wp-content/themes/hello-elementor/assets/css/reset.css?ver=3.4.9","0","","","","","","Indexable",""
"https://teksea.net/wp-content/plugins/download-manager/assets/css/front-dark.min.css?ver=3.3.62","0","","","","","","Indexable",""
"https://teksea.net/wp-content/themes/hello-elementor/assets/css/theme.css?ver=3.4.9","0","","","","","","Indexable",""
"https://teksea.net/wp-content/plugins/jet-engine/assets/js/frontend/frontend.js?ver=3.8.11.1","0","","","","","","Indexable",""
"https://teksea.net/wp-content/plugins/download-manager/assets/css/front.min.css?ver=3.3.62","0","","","","","","Indexable",""
"https://teksea.net/wp-content/uploads/elementor/css/post-1659.css?ver=1783441966","0","","","","","","Indexable",""
"https://teksea.net/wp-content/plugins/mask-form-elementor/assets/js/custom-mask-script.js?ver=4.4.3","0","","","","","","Indexable",""
"https://teksea.net/wp-content/plugins/jet-engine/assets/css/frontend.css?ver=3.8.11.1","0","","","","","","Indexable",""
"https://teksea.net/wp-content/uploads/2026/03/tps125p_1_02_04_25.webp","0","","","","","","Indexable",""
"https://teksea.net/wp-content/uploads/2026/02/img_post_noticia_01.webp","0","","","","","","Indexable",""
"https://teksea.net/central-de-documentos/","1","index, follow, max-image-preview:large, max-snippet:-1, max-video-preview:-1","","","https://teksea.net/central-de-documentos/","","Indexable",""
"https://teksea.net/wp-content/uploads/2026/03/ccm_centro_de_controle_de_motores.webp","0","","","","","","Indexable",""
"https://teksea.net/wp-content/uploads/2026/03/tps24_1_02_04_25.webp","0","","","","","","Indexable",""
"https://teksea.net/teksea-entrega-1-dos-6-rebocadores-a-svitzer/","1","index, follow, max-image-preview:large, max-snippet:-1, max-video-preview:-1","","","https://teksea.net/teksea-entrega-1-dos-6-rebocadores-a-svitzer/","","Indexable",""
"https://teksea.net/wp-content/uploads/2026/03/wheelhouse_tekmation_computer_touch_screen.webp","0","","","","","","Indexable",""
"https://teksea.net/videos/tekpower-bki-sistemas-inversores-cc-ca-com-chave-estatica/","1","index, follow, max-image-preview:large, max-snippet:-1, max-video-preview:-1","","","https://teksea.net/videos/tekpower-bki-sistemas-inversores-cc-ca-com-chave-estatica/","","Indexable",""
"https://teksea.net/2026/02/26/","1","noindex, follow","","","","","Non-Indexable","noindex"
"https://teksea.net/videos/sistema-de-energia-para-telecomunicacoes-tekpower-by-teksea/","1","index, follow, max-image-preview:large, max-snippet:-1, max-video-preview:-1","","","https://teksea.net/videos/sistema-de-energia-para-telecomunicacoes-tekpower-by-teksea/","","Indexable",""
