"Address","Content Type","Size (bytes)","IMG Inlinks","Indexability","Indexability Status","Dimensions"
"https://teksea.net/wp-content/uploads/2026/02/svg-Bombas-e-Fluxometro.svg","image/svg+xml","268","110","Indexable","",""
"https://teksea.net/wp-content/uploads/2026/02/svg-Mobilidade-Eletrica.svg","image/svg+xml","998","110","Indexable","",""
"https://teksea.net/wp-content/uploads/2026/02/Assinatura-Horizontal-Preta.svg","image/svg+xml","8079","110","Indexable","",""
"https://teksea.net/wp-content/uploads/2026/02/svg-Acucar-Etanol.svg","image/svg+xml","858","110","Indexable","",""
"https://teksea.net/wp-content/uploads/2026/02/img_utilidades_e_infraestrutura.webp","image/webp","280828","1","Indexable","",""
"https://teksea.net/wp-content/uploads/2026/03/kral_esta_es_leo_lubrificante-1024x1024.webp","image/webp","71796","5","Indexable","",""
"https://teksea.net/wp-content/uploads/2026/03/ams1024_m_dulo_para_monitora_o_e_alarmes-1024x1024.webp","image/webp","27558","2","Indexable","",""
"https://teksea.net/wp-content/uploads/2026/02/svg-Papel-Celulose.svg","image/svg+xml","785","110","Indexable","",""
"https://teksea.net/wp-content/uploads/2026/03/gradil_tekbox_1-1024x1024.webp","image/webp","47034","4","Indexable","",""
"https://teksea.net/wp-content/uploads/2026/02/svg-Representante.svg","image/svg+xml","967","110","Indexable","",""
"https://teksea.net/wp-content/uploads/2026/03/images-1.jpeg","image/jpeg","15766","9","Indexable","",""
"https://teksea.net/wp-content/uploads/2026/02/scr3_1_02_04_25-1024x1024.webp","image/webp","27628","2","Indexable","",""
"https://teksea.net/wp-content/uploads/2026/02/svg-Naval-Portos.svg","image/svg+xml","860","110","Indexable","",""
"https://teksea.net/wp-content/uploads/2026/02/svg-Petroleo-Gas.svg","image/svg+xml","737","110","Indexable","",""
"https://teksea.net/wp-content/uploads/2026/02/svg-fale-com-a-TekSea.svg","image/svg+xml","1347","110","Indexable","",""
"https://teksea.net/wp-content/uploads/2026/02/svg-Eventos.svg","image/svg+xml","356","110","Indexable","",""
"https://teksea.net/wp-content/uploads/2026/03/scr_igbt_1_02_04_25-1024x1024.webp","image/webp","57346","11","Indexable","",""
"https://teksea.net/wp-content/uploads/2026/02/svg-Quem-Somos.svg","image/svg+xml","277","110","Indexable","",""
"https://teksea.net/wp-content/uploads/2026/02/svg-Documentacao.svg","image/svg+xml","692","220","Indexable","",""
"https://teksea.net/wp-content/uploads/2026/02/svg-Siderurgia-mineracao.svg","image/svg+xml","690","110","Indexable","",""
"https://teksea.net/wp-content/uploads/2026/02/svg-Automacao.svg","image/svg+xml","830","110","Indexable","",""
"https://teksea.net/wp-content/uploads/2026/03/images-2.jpeg","image/jpeg","14657","9","Indexable","",""
"https://teksea.net/wp-content/uploads/2026/02/img_telecomunica_es_e_data_center.webp","image/webp","251860","1","Indexable","",""
"https://teksea.net/wp-content/uploads/2026/02/img_leo_g_s_e_offshore.webp","image/webp","271152","1","Indexable","",""
"https://teksea.net/wp-content/uploads/2026/03/img_post_noticia_auditoria.webp","image/webp","243506","18","Indexable","",""
"https://teksea.net/wp-content/uploads/2026/03/kral_bombas_s_rie_k-1024x1024.webp","image/webp","39882","6","Indexable","",""
"https://teksea.net/wp-content/uploads/2026/03/images-3.jpeg","image/jpeg","14374","9","Indexable","",""
"https://teksea.net/wp-content/uploads/2026/02/svg-Acessorios.svg","image/svg+xml","814","110","Indexable","",""
"https://teksea.net/wp-content/uploads/2026/04/OFF-TEKSEA-SITE-NOTICIA-1-scaled.png","image/png","4787823","17","Indexable","",""
"https://teksea.net/wp-content/uploads/2026/03/corenet_corebox_g2-1024x1024.webp","image/webp","49202","3","Indexable","",""
"https://teksea.net/wp-content/uploads/2026/03/kral_display_e_unidade_de_processamento_bem500-1024x1024.webp","image/webp","27004","6","Indexable","",""
"https://teksea.net/wp-content/uploads/2026/02/svg-Energia.svg","image/svg+xml","351","110","Indexable","",""
"https://teksea.net/wp-content/uploads/2026/02/svg-Transporte.svg","image/svg+xml","1099","110","Indexable","",""
"https://teksea.net/wp-content/uploads/2026/02/img_industrial.webp","image/webp","259236","1","Indexable","",""
"https://teksea.net/wp-content/uploads/2026/02/svg-video.svg","image/svg+xml","1022","110","Indexable","",""
"https://teksea.net/wp-content/uploads/2026/02/svg-Defesa-Seguranca.svg","image/svg+xml","560","110","Indexable","",""
"https://teksea.net/wp-content/uploads/2026/03/tekmation_iamcs_sistema_integrado_de_automa_o-1024x1024.webp","image/webp","47504","1","Indexable","",""
"https://teksea.net/wp-content/uploads/2026/03/tps125_1_02_04_25-1024x1024.webp","image/webp","82590","3","Indexable","",""
"https://teksea.net/wp-content/uploads/2026/02/svg-Energia-Critica.svg","image/svg+xml","1156","110","Indexable","",""
"https://teksea.net/wp-content/uploads/2026/04/img_bumenau_atualizado.webp","image/webp","562602","3","Indexable","",""
"https://teksea.net/wp-content/uploads/2026/02/Logo-Teksea-Branco.svg","image/svg+xml","1746","221","Indexable","",""
"https://teksea.net/wp-content/uploads/2026/02/svg-Saneamento.svg","image/svg+xml","452","110","Indexable","",""
"https://teksea.net/wp-content/uploads/2026/03/corebox_smart_g1-1024x1024.webp","image/webp","43474","3","Indexable","",""
"https://teksea.net/wp-content/uploads/2026/03/NT-Expo-_-o-que-fazer-no-terceiro-dia.jpg","image/jpeg","56611","9","Indexable","",""
"https://teksea.net/wp-content/uploads/2026/03/gen1.webp","image/webp","228724","9","Indexable","",""
"https://teksea.net/wp-content/uploads/2026/02/img_sp.webp","image/webp","139342","3","Indexable","",""
"https://teksea.net/wp-content/uploads/2026/03/1920.webp","image/webp","585002","9","Indexable","",""
"https://teksea.net/wp-content/uploads/2026/02/svg-Telecomunicacoes.svg","image/svg+xml","1101","110","Indexable","",""
"https://teksea.net/wp-content/uploads/2026/03/ind_stria_pain_is_de_distribui_o_el_trica-1024x1024.webp","image/webp","30184","10","Indexable","",""
"https://teksea.net/wp-content/uploads/2026/02/img_naval_e_portu_rio.webp","image/webp","221208","1","Indexable","",""
"https://teksea.net/wp-content/uploads/2026/03/bms_1_02_04_25-1024x1024.webp","image/webp","62430","14","Indexable","",""
"https://teksea.net/wp-content/uploads/2026/02/svg-Hidroeletrica.svg","image/svg+xml","442","110","Indexable","",""
"https://teksea.net/wp-content/uploads/2026/03/img_post_noticia_iso_9001_v2.webp","image/webp","256672","18","Indexable","",""
"https://teksea.net/wp-content/uploads/2026/03/QEP-1024x1024.png","image/png","1141201","3","Indexable","",""
"https://teksea.net/wp-content/uploads/2026/03/kral_fluxometro_s_rie_omp-1024x1024.webp","image/webp","61082","5","Indexable","",""
"https://teksea.net/wp-content/uploads/2026/02/svg-canal-de-etica.svg","image/svg+xml","1338","110","Indexable","",""
"https://teksea.net/wp-content/uploads/2026/02/img_mobilidade_e_transporte.webp","image/webp","245718","1","Indexable","",""
"https://teksea.net/wp-content/uploads/2026/03/corebox_smart_g1.webp","image/webp","844850","1","Indexable","",""
"https://teksea.net/wp-content/uploads/2026/03/corenet_corebox_g2.webp","image/webp","73894","1","Indexable","",""
"https://teksea.net/wp-content/uploads/2026/03/bnwas_bridge_navigational_watch_alarm_system.webp","image/webp","47144","1","Indexable","",""
"https://teksea.net/wp-content/uploads/2026/03/fire_system.webp","image/webp","75050","1","Indexable","",""
"https://teksea.net/wp-content/uploads/2026/03/kral_fluxometro_s_rie_omp.webp","image/webp","74490","1","Indexable","",""
"https://teksea.net/wp-content/uploads/2026/03/ams1024_m_dulo_para_monitora_o_e_alarmes.webp","image/webp","39746","1","Indexable","",""
"https://teksea.net/wp-content/uploads/2026/03/tps24_1_02_04_25-1024x1024.webp","image/webp","54502","1","Indexable","",""
"https://teksea.net/wp-content/uploads/2026/03/autom_caract1_768x1897_1.webp","image/webp","600348","1","Indexable","",""
"https://teksea.net/wp-content/uploads/2026/03/display_ecdis.webp","image/webp","72170","1","Indexable","",""
"https://teksea.net/wp-content/uploads/2026/03/tekmation_iamcs_sistema_integrado_de_automa_o.webp","image/webp","65740","1","Indexable","",""
"https://teksea.net/wp-content/uploads/2026/03/eg_g2a_1.webp","image/webp","166588","1","Indexable","",""
"https://teksea.net/wp-content/uploads/2026/03/radares.webp","image/webp","57792","1","Indexable","",""
"https://teksea.net/wp-content/uploads/2026/03/kral_bombas_s_rie_k.webp","image/webp","50754","1","Indexable","",""
"https://teksea.net/wp-content/uploads/2026/03/kral_esta_es_leo_lubrificante.webp","image/webp","103252","1","Indexable","",""
"https://teksea.net/wp-content/uploads/2026/03/QEP.png","image/png","1539015","1","Indexable","",""
"https://teksea.net/wp-content/uploads/2026/03/consoles_e_mesas_de_controle-1024x1024.webp","image/webp","61508","1","Indexable","",""
"https://teksea.net/wp-content/uploads/2026/03/ccm_centro_de_controle_de_motores-1024x1024.webp","image/webp","47712","1","Indexable","",""
"https://teksea.net/wp-content/uploads/2026/03/tekleakage_monitoramento_de_isola_o_em_barramentos_el_tricos-1024x1024.webp","image/webp","43376","1","Indexable","",""
"https://teksea.net/wp-content/uploads/2026/02/img_post_noticia_3.webp","image/webp","45722","3","Indexable","",""
"https://teksea.net/wp-content/uploads/2026/02/img_post_noticia_5.webp","image/webp","21576","3","Indexable","",""
"https://teksea.net/wp-content/uploads/2026/02/img_post_noticia_6.webp","image/webp","74028","3","Indexable","",""
"https://teksea.net/wp-content/uploads/2026/02/img_post_noticia_2.webp","image/webp","43600","3","Indexable","",""
"https://teksea.net/wp-content/uploads/2026/03/display_ecdis-1024x1024.webp","image/webp","53556","2","Indexable","",""
"https://teksea.net/wp-content/uploads/2026/03/tms_1000_monitora_o_e_alarmes_de_tanques-1024x1024.webp","image/webp","37890","2","Indexable","",""
"https://teksea.net/wp-content/uploads/2026/03/radares-1024x1024.webp","image/webp","39800","2","Indexable","",""
"https://teksea.net/wp-content/uploads/2026/03/CRSL-0030-871x1024.webp","image/webp","129296","2","Indexable","",""
"https://teksea.net/wp-content/uploads/2026/03/tms_1000_monitora_o_e_alarmes_de_tanques.webp","image/webp","57890","1","Indexable","",""
"https://teksea.net/wp-content/uploads/2026/03/scr_igbt_1_02_04_25.webp","image/webp","595806","1","Indexable","",""
"https://teksea.net/wp-content/uploads/2026/03/kral_display_e_unidade_de_processamento_bem500.webp","image/webp","35480","1","Indexable","",""
"https://teksea.net/wp-content/uploads/2026/03/IMG-certificados.svg","image/svg+xml","1214","1","Indexable","",""
"https://teksea.net/wp-content/uploads/2026/03/IMG-catalogo.svg","image/svg+xml","444","1","Indexable","",""
"https://teksea.net/wp-content/uploads/2026/03/IMG-manuais.svg","image/svg+xml","777","1","Indexable","",""
"https://teksea.net/wp-content/uploads/2026/03/tps125p_1_02_04_25-1024x1024.webp","image/webp","72172","3","Indexable","",""
"https://teksea.net/wp-content/uploads/2026/03/ihm_nlc_2_1.webp","image/webp","169606","1","Indexable","",""
"https://teksea.net/wp-content/uploads/2026/03/teknav_nlc_painel_luzes_de_navega_o_e_sinaliza_o.webp","image/webp","83038","1","Indexable","",""
"https://teksea.net/wp-content/uploads/2026/03/modulo_dc_1_1.webp","image/webp","89662","1","Indexable","",""
"https://teksea.net/wp-content/uploads/2026/03/modulo_ac_1_1.webp","image/webp","87454","1","Indexable","",""
"https://teksea.net/wp-content/uploads/2026/03/tekleakage_monitoramento_de_isola_o_em_barramentos_el_tricos.webp","image/webp","68706","1","Indexable","",""
"https://teksea.net/wp-content/uploads/2026/03/thor_monitoramento_remoto.webp","image/webp","86098","1","Indexable","",""
"https://teksea.net/wp-content/uploads/2026/03/bms_1_02_04_25.webp","image/webp","842652","1","Indexable","",""
"https://teksea.net/wp-content/uploads/2026/03/tekcharger_1_02_04_25-1024x1024.webp","image/webp","91932","7","Indexable","",""
"https://teksea.net/wp-content/uploads/2026/02/image_nossa_equipe.webp","image/webp","207152","1","Indexable","",""
"https://teksea.net/wp-content/uploads/2026/03/image_manufacturing_assessment_american_bureau_shipping2_1x.webp","image/webp","100890","1","Indexable","",""
"https://teksea.net/wp-content/uploads/2026/03/image_design_assessment_american_bureau_shipping_teksea_1x_1_1x.webp","image/webp","21616","1","Indexable","",""
"https://teksea.net/wp-content/uploads/2026/03/image_certificado_carregadores_de_baterias_tekcharger_bureau_veritas_teksea_1x_1_1x.webp","image/webp","25904","1","Indexable","",""
"https://teksea.net/wp-content/uploads/2026/03/image_type_approval_certificate_bridge_navigational_watch_alarm_system_abs_teksea_1x_1_1x.webp","image/webp","49598","1","Indexable","",""
"https://teksea.net/wp-content/uploads/2026/03/image_manufacturing_assessment_american_bureau_shipping_1x.webp","image/webp","81802","1","Indexable","",""
"https://teksea.net/wp-content/uploads/2026/03/image_ohs_835480_sistema_de_gest_o_de_saude_e_seguran_a_ocupacional_1x_1_1x.webp","image/webp","28528","1","Indexable","",""
"https://teksea.net/wp-content/uploads/2026/03/image_certificado_tps48300_page_0001_1.webp","image/webp","60190","1","Indexable","",""
"https://teksea.net/wp-content/uploads/2026/03/image_fm_612678_sistema_de_gesta_o_da_qualidade.webp","image/webp","24644","1","Indexable","",""
"https://teksea.net/wp-content/uploads/2026/03/image_el_cs_200037_page_0001_1.webp","image/webp","94162","1","Indexable","",""
"https://teksea.net/wp-content/uploads/2026/03/image_ensaios_clim_ticos_linha_tekpower_inpe_teksea_1x_1_1x.webp","image/webp","28326","1","Indexable","",""
"https://teksea.net/wp-content/uploads/2026/02/image_parceria_com_universidades.webp","image/webp","297328","1","Indexable","",""
"https://teksea.net/wp-content/uploads/2026/03/image_certificate_for_battery_and_accessories_bureau_veritas_1x.webp","image/webp","62110","1","Indexable","",""
"https://teksea.net/wp-content/uploads/2026/03/image_ensaios_de_vibra_o_linha_tekpower_ibec_teksea_1x_1_1x.webp","image/webp","47530","1","Indexable","",""
"https://teksea.net/wp-content/uploads/2026/03/image_acceptance_test_certificate_automa_o_rina_teksea_1x_1_1x.webp","image/webp","49940","1","Indexable","",""
"https://teksea.net/wp-content/uploads/2026/03/image_type_approval_certificate_automa_o_accu_e_abcu_abs_teksea_1x_1_1x.webp","image/webp","51116","1","Indexable","",""
"https://teksea.net/wp-content/uploads/2026/03/image_ensaios_de_choque_linha_tekpower_inpe_teksea_1x_1_1x.webp","image/webp","31774","1","Indexable","",""
"https://teksea.net/wp-content/uploads/2026/02/image_laborat_rios.webp","image/webp","191150","1","Indexable","",""
"https://teksea.net/wp-content/uploads/2026/03/image_technical_report_page_0001_1.webp","image/webp","20304","1","Indexable","",""
"https://teksea.net/wp-content/uploads/2026/03/image_ensaios_de_emi_emc_linha_tekpower_inpe_teksea_1x_1_1x.webp","image/webp","49014","1","Indexable","",""
"https://teksea.net/wp-content/uploads/2026/03/image_ems_835479_ssitema_de_gest_o_ambiental_1x_1_1x.webp","image/webp","28868","1","Indexable","",""
"https://teksea.net/wp-content/uploads/2026/03/gradil_tekbox_1.webp","image/webp","660418","1","Indexable","",""
"https://teksea.net/wp-content/uploads/2026/03/tps125_1_02_04_25.webp","image/webp","805014","1","Indexable","",""
"https://teksea.net/wp-content/uploads/2026/03/CRSL-0030.webp","image/webp","281336","1","Indexable","",""
"https://teksea.net/wp-content/uploads/2026/03/page_iot1_1.webp","image/webp","79642","1","Indexable","",""
"https://teksea.net/wp-content/uploads/2026/03/tks_png_page_empur_iamcs_1.webp","image/webp","179318","2","Indexable","",""
"https://teksea.net/wp-content/uploads/2026/03/ind_stria_pain_is_de_distribui_o_el_trica.webp","image/webp","47868","1","Indexable","",""
"https://teksea.net/wp-content/uploads/2026/03/consoles_e_mesas_de_controle.webp","image/webp","89538","1","Indexable","",""
"https://teksea.net/wp-content/uploads/2026/03/kral_bombas_z_series-1024x1024.webp","image/webp","47744","3","Indexable","",""
"https://teksea.net/wp-content/uploads/2026/03/vhf_icom_m506-1024x1024.webp","image/webp","58832","6","Indexable","",""
"https://teksea.net/wp-content/uploads/2026/03/kral_bombas_s_rie_l-1-1024x1024.webp","image/webp","41226","5","Indexable","",""
"https://teksea.net/wp-content/uploads/2026/03/motor_h_eco-1024x1024.webp","image/webp","35046","6","Indexable","",""
"https://teksea.net/wp-content/uploads/2026/03/tps48_1_02_04_25-1024x1024.webp","image/webp","60140","2","Indexable","",""
"https://teksea.net/wp-content/uploads/2026/03/thor_monitoramento_remoto-1024x1024.webp","image/webp","56772","1","Indexable","",""
"https://teksea.net/wp-content/uploads/2026/03/img_post_noticia_iso_14001.webp","image/webp","292624","6","Indexable","",""
"https://teksea.net/wp-content/uploads/2026/02/img_post_noticia_7.webp","image/webp","37288","6","Indexable","",""
"https://teksea.net/wp-content/uploads/2026/03/img_post_noticia_iso_45001.webp","image/webp","294140","6","Indexable","",""
"https://teksea.net/wp-content/uploads/2026/02/scr3_1_02_04_25.webp","image/webp","430920","1","Indexable","",""
"https://teksea.net/wp-content/uploads/2026/03/ups_comercial_1_02_04_25-1024x1024.webp","image/webp","50888","11","Indexable","",""
"https://teksea.net/wp-content/uploads/2026/06/inversor_cc_ca_rack_19_11_05_25-1024x1024.webp","image/webp","31682","13","Indexable","",""
"https://teksea.net/wp-content/uploads/2026/03/bki_1_02_04_25-1024x1024.webp","image/webp","48390","9","Indexable","",""
"https://teksea.net/wp-content/uploads/2026/03/conversor_estatico_de_frequencia_1_06_04_25-1024x1024.webp","image/webp","68958","10","Indexable","",""
"https://teksea.net/wp-content/uploads/2026/03/ups_modular_3_02_04_25-1024x1024.webp","image/webp","57666","9","Indexable","",""
"https://teksea.net/wp-content/uploads/2026/03/kral_bombas_s_rie_c-1024x1024.webp","image/webp","39412","6","Indexable","",""
"https://teksea.net/wp-content/uploads/2026/03/ups_full_igbt_1_02_04_25-1024x1024.webp","image/webp","29198","10","Indexable","",""
"https://teksea.net/wp-content/uploads/2026/06/inversor_cc_ca_rack_19_11_05_25.webp","image/webp","558138","1","Indexable","",""
"https://teksea.net/wp-content/uploads/2026/03/ups_modular_3_02_04_25.webp","image/webp","795092","1","Indexable","",""
"https://teksea.net/wp-content/uploads/2026/03/ups_comercial_1_02_04_25.webp","image/webp","596712","1","Indexable","",""
"https://teksea.net/wp-content/uploads/2026/03/conversor_estatico_de_frequencia_1_06_04_25.webp","image/webp","686110","1","Indexable","",""
"https://teksea.net/wp-content/uploads/2026/03/bki_1_02_04_25.webp","image/webp","745404","1","Indexable","",""
"https://teksea.net/wp-content/uploads/2026/03/kral_bombas_s_rie_c.webp","image/webp","49852","1","Indexable","",""
"https://teksea.net/wp-content/uploads/2026/03/ups_full_igbt_1_02_04_25.webp","image/webp","402358","1","Indexable","",""
"https://teksea.net/wp-content/uploads/2026/03/motor_h_eco.webp","image/webp","48930","1","Indexable","",""
"https://teksea.net/wp-content/uploads/2026/03/tps48_1_02_04_25.webp","image/webp","720146","1","Indexable","",""
"https://teksea.net/wp-content/uploads/2026/03/kral_bombas_s_rie_l-1.webp","image/webp","52092","1","Indexable","",""
"https://teksea.net/wp-content/uploads/2026/03/vhf_icom_m506.webp","image/webp","86918","1","Indexable","",""
"https://teksea.net/wp-content/uploads/2026/03/kral_bombas_z_series.webp","image/webp","61134","1","Indexable","",""
"https://teksea.net/wp-content/uploads/2026/03/wheelhouse_tekmation_computer_touch_screen-1024x1024.webp","image/webp","34112","1","Indexable","",""
"https://teksea.net/wp-content/uploads/2026/03/tekcharger_1_02_04_25.webp","image/webp","882784","1","Indexable","",""
"https://teksea.net/wp-content/uploads/2026/04/OFF-TEKSEA-SITE-NOTICIA-1-1024x479.png","image/png","929134","1","Indexable","",""
"https://teksea.net/wp-content/uploads/2026/03/tps125p_1_02_04_25.webp","image/webp","686740","1","Indexable","",""
"https://teksea.net/wp-content/uploads/2026/02/img_post_noticia_01.webp","image/webp","49892","3","Indexable","",""
"https://teksea.net/wp-content/uploads/2026/03/ccm_centro_de_controle_de_motores.webp","image/webp","74688","1","Indexable","",""
"https://teksea.net/wp-content/uploads/2026/03/tps24_1_02_04_25.webp","image/webp","751070","1","Indexable","",""
"https://teksea.net/wp-content/uploads/2026/03/wheelhouse_tekmation_computer_touch_screen.webp","image/webp","69880","1","Indexable","",""
