"Path 1","Path 2","Path 3","Path 4","Path 5","Path 6","Path 7","Path 8","Path 9","Path 10","Path 11","Path 12","Path 13","Path 14","URLs","Indexable","Non-Indexable"
"https/","","","","","","","","","","","","","","376","364","12"
"","teksea.net/","","","","","","","","","","","","","376","364","12"
"","","wp-content/","","","","","","","","","","","","249","249","0"
"","","","uploads/","","","","","","","","","","","177","177","0"
"","","","","2026/","","","","","","","","","","166","166","0"
"","","","","","03/","","","","","","","","","115","115","0"
"","","","","","","kral_esta_es_leo_lubrificante-1024x1024.webp","","","","","","","","1","1","0"
"","","","","","","ams1024_m_dulo_para_monitora_o_e_alarmes-1024x1024.webp","","","","","","","","1","1","0"
"","","","","","","gradil_tekbox_1-1024x1024.webp","","","","","","","","1","1","0"
"","","","","","","images-1.jpeg","","","","","","","","1","1","0"
"","","","","","","scr_igbt_1_02_04_25-1024x1024.webp","","","","","","","","1","1","0"
"","","","","","","images-2.jpeg","","","","","","","","1","1","0"
"","","","","","","img_post_noticia_auditoria.webp","","","","","","","","1","1","0"
"","","","","","","kral_bombas_s_rie_k-1024x1024.webp","","","","","","","","1","1","0"
"","","","","","","images-3.jpeg","","","","","","","","1","1","0"
"","","","","","","corenet_corebox_g2-1024x1024.webp","","","","","","","","1","1","0"
"","","","","","","kral_display_e_unidade_de_processamento_bem500-1024x1024.webp","","","","","","","","1","1","0"
"","","","","","","tekmation_iamcs_sistema_integrado_de_automa_o-1024x1024.webp","","","","","","","","1","1","0"
"","","","","","","tps125_1_02_04_25-1024x1024.webp","","","","","","","","1","1","0"
"","","","","","","corebox_smart_g1-1024x1024.webp","","","","","","","","1","1","0"
"","","","","","","NT-Expo-_-o-que-fazer-no-terceiro-dia.jpg","","","","","","","","1","1","0"
"","","","","","","gen1.webp","","","","","","","","1","1","0"
"","","","","","","1920.webp","","","","","","","","1","1","0"
"","","","","","","ind_stria_pain_is_de_distribui_o_el_trica-1024x1024.webp","","","","","","","","1","1","0"
"","","","","","","bms_1_02_04_25-1024x1024.webp","","","","","","","","1","1","0"
"","","","","","","img_post_noticia_iso_9001_v2.webp","","","","","","","","1","1","0"
"","","","","","","QEP-1024x1024.png","","","","","","","","1","1","0"
"","","","","","","kral_fluxometro_s_rie_omp-1024x1024.webp","","","","","","","","1","1","0"
"","","","","","","corebox_smart_g1.webp","","","","","","","","1","1","0"
"","","","","","","corenet_corebox_g2.webp","","","","","","","","1","1","0"
"","","","","","","bnwas_bridge_navigational_watch_alarm_system.webp","","","","","","","","1","1","0"
"","","","","","","fire_system.webp","","","","","","","","1","1","0"
"","","","","","","kral_fluxometro_s_rie_omp.webp","","","","","","","","1","1","0"
"","","","","","","ams1024_m_dulo_para_monitora_o_e_alarmes.webp","","","","","","","","1","1","0"
"","","","","","","tps24_1_02_04_25-1024x1024.webp","","","","","","","","1","1","0"
"","","","","","","autom_caract1_768x1897_1.webp","","","","","","","","1","1","0"
"","","","","","","display_ecdis.webp","","","","","","","","1","1","0"
"","","","","","","tekmation_iamcs_sistema_integrado_de_automa_o.webp","","","","","","","","1","1","0"
"","","","","","","eg_g2a_1.webp","","","","","","","","1","1","0"
"","","","","","","radares.webp","","","","","","","","1","1","0"
"","","","","","","kral_bombas_s_rie_k.webp","","","","","","","","1","1","0"
"","","","","","","kral_esta_es_leo_lubrificante.webp","","","","","","","","1","1","0"
"","","","","","","QEP.png","","","","","","","","1","1","0"
"","","","","","","consoles_e_mesas_de_controle-1024x1024.webp","","","","","","","","1","1","0"
"","","","","","","ccm_centro_de_controle_de_motores-1024x1024.webp","","","","","","","","1","1","0"
"","","","","","","tekleakage_monitoramento_de_isola_o_em_barramentos_el_tricos-1024x1024.webp","","","","","","","","1","1","0"
"","","","","","","display_ecdis-1024x1024.webp","","","","","","","","1","1","0"
"","","","","","","tms_1000_monitora_o_e_alarmes_de_tanques-1024x1024.webp","","","","","","","","1","1","0"
"","","","","","","radares-1024x1024.webp","","","","","","","","1","1","0"
"","","","","","","CRSL-0030-871x1024.webp","","","","","","","","1","1","0"
"","","","","","","tms_1000_monitora_o_e_alarmes_de_tanques.webp","","","","","","","","1","1","0"
"","","","","","","scr_igbt_1_02_04_25.webp","","","","","","","","1","1","0"
"","","","","","","kral_display_e_unidade_de_processamento_bem500.webp","","","","","","","","1","1","0"
"","","","","","","IMG-certificados.svg","","","","","","","","1","1","0"
"","","","","","","IMG-catalogo.svg","","","","","","","","1","1","0"
"","","","","","","IMG-manuais.svg","","","","","","","","1","1","0"
"","","","","","","tps125p_1_02_04_25-1024x1024.webp","","","","","","","","1","1","0"
"","","","","","","ihm_nlc_2_1.webp","","","","","","","","1","1","0"
"","","","","","","teknav_nlc_painel_luzes_de_navega_o_e_sinaliza_o.webp","","","","","","","","1","1","0"
"","","","","","","modulo_dc_1_1.webp","","","","","","","","1","1","0"
"","","","","","","modulo_ac_1_1.webp","","","","","","","","1","1","0"
"","","","","","","tekleakage_monitoramento_de_isola_o_em_barramentos_el_tricos.webp","","","","","","","","1","1","0"
"","","","","","","thor_monitoramento_remoto.webp","","","","","","","","1","1","0"
"","","","","","","bms_1_02_04_25.webp","","","","","","","","1","1","0"
"","","","","","","tekcharger_1_02_04_25-1024x1024.webp","","","","","","","","1","1","0"
"","","","","","","image_manufacturing_assessment_american_bureau_shipping2_1x.webp","","","","","","","","1","1","0"
"","","","","","","image_design_assessment_american_bureau_shipping_teksea_1x_1_1x.webp","","","","","","","","1","1","0"
"","","","","","","image_certificado_carregadores_de_baterias_tekcharger_bureau_veritas_teksea_1x_1_1x.webp","","","","","","","","1","1","0"
"","","","","","","image_type_approval_certificate_bridge_navigational_watch_alarm_system_abs_teksea_1x_1_1x.webp","","","","","","","","1","1","0"
"","","","","","","image_manufacturing_assessment_american_bureau_shipping_1x.webp","","","","","","","","1","1","0"
"","","","","","","image_ohs_835480_sistema_de_gest_o_de_saude_e_seguran_a_ocupacional_1x_1_1x.webp","","","","","","","","1","1","0"
"","","","","","","image_certificado_tps48300_page_0001_1.webp","","","","","","","","1","1","0"
"","","","","","","image_fm_612678_sistema_de_gesta_o_da_qualidade.webp","","","","","","","","1","1","0"
"","","","","","","image_el_cs_200037_page_0001_1.webp","","","","","","","","1","1","0"
"","","","","","","image_ensaios_clim_ticos_linha_tekpower_inpe_teksea_1x_1_1x.webp","","","","","","","","1","1","0"
"","","","","","","image_certificate_for_battery_and_accessories_bureau_veritas_1x.webp","","","","","","","","1","1","0"
"","","","","","","image_ensaios_de_vibra_o_linha_tekpower_ibec_teksea_1x_1_1x.webp","","","","","","","","1","1","0"
"","","","","","","image_acceptance_test_certificate_automa_o_rina_teksea_1x_1_1x.webp","","","","","","","","1","1","0"
"","","","","","","image_type_approval_certificate_automa_o_accu_e_abcu_abs_teksea_1x_1_1x.webp","","","","","","","","1","1","0"
"","","","","","","image_ensaios_de_choque_linha_tekpower_inpe_teksea_1x_1_1x.webp","","","","","","","","1","1","0"
"","","","","","","image_technical_report_page_0001_1.webp","","","","","","","","1","1","0"
"","","","","","","image_ensaios_de_emi_emc_linha_tekpower_inpe_teksea_1x_1_1x.webp","","","","","","","","1","1","0"
"","","","","","","image_ems_835479_ssitema_de_gest_o_ambiental_1x_1_1x.webp","","","","","","","","1","1","0"
"","","","","","","gradil_tekbox_1.webp","","","","","","","","1","1","0"
"","","","","","","tps125_1_02_04_25.webp","","","","","","","","1","1","0"
"","","","","","","CRSL-0030.webp","","","","","","","","1","1","0"
"","","","","","","page_iot1_1.webp","","","","","","","","1","1","0"
"","","","","","","tks_png_page_empur_iamcs_1.webp","","","","","","","","1","1","0"
"","","","","","","ind_stria_pain_is_de_distribui_o_el_trica.webp","","","","","","","","1","1","0"
"","","","","","","consoles_e_mesas_de_controle.webp","","","","","","","","1","1","0"
"","","","","","","kral_bombas_z_series-1024x1024.webp","","","","","","","","1","1","0"
"","","","","","","vhf_icom_m506-1024x1024.webp","","","","","","","","1","1","0"
"","","","","","","kral_bombas_s_rie_l-1-1024x1024.webp","","","","","","","","1","1","0"
"","","","","","","motor_h_eco-1024x1024.webp","","","","","","","","1","1","0"
"","","","","","","tps48_1_02_04_25-1024x1024.webp","","","","","","","","1","1","0"
"","","","","","","thor_monitoramento_remoto-1024x1024.webp","","","","","","","","1","1","0"
"","","","","","","img_post_noticia_iso_14001.webp","","","","","","","","1","1","0"
"","","","","","","img_post_noticia_iso_45001.webp","","","","","","","","1","1","0"
"","","","","","","ups_comercial_1_02_04_25-1024x1024.webp","","","","","","","","1","1","0"
"","","","","","","bki_1_02_04_25-1024x1024.webp","","","","","","","","1","1","0"
"","","","","","","conversor_estatico_de_frequencia_1_06_04_25-1024x1024.webp","","","","","","","","1","1","0"
"","","","","","","ups_modular_3_02_04_25-1024x1024.webp","","","","","","","","1","1","0"
"","","","","","","kral_bombas_s_rie_c-1024x1024.webp","","","","","","","","1","1","0"
"","","","","","","ups_full_igbt_1_02_04_25-1024x1024.webp","","","","","","","","1","1","0"
"","","","","","","ups_modular_3_02_04_25.webp","","","","","","","","1","1","0"
"","","","","","","ups_comercial_1_02_04_25.webp","","","","","","","","1","1","0"
"","","","","","","conversor_estatico_de_frequencia_1_06_04_25.webp","","","","","","","","1","1","0"
"","","","","","","bki_1_02_04_25.webp","","","","","","","","1","1","0"
"","","","","","","kral_bombas_s_rie_c.webp","","","","","","","","1","1","0"
"","","","","","","ups_full_igbt_1_02_04_25.webp","","","","","","","","1","1","0"
"","","","","","","motor_h_eco.webp","","","","","","","","1","1","0"
"","","","","","","tps48_1_02_04_25.webp","","","","","","","","1","1","0"
"","","","","","","kral_bombas_s_rie_l-1.webp","","","","","","","","1","1","0"
"","","","","","","vhf_icom_m506.webp","","","","","","","","1","1","0"
"","","","","","","kral_bombas_z_series.webp","","","","","","","","1","1","0"
"","","","","","","wheelhouse_tekmation_computer_touch_screen-1024x1024.webp","","","","","","","","1","1","0"
"","","","","","","tekcharger_1_02_04_25.webp","","","","","","","","1","1","0"
"","","","","","","tps125p_1_02_04_25.webp","","","","","","","","1","1","0"
"","","","","","","ccm_centro_de_controle_de_motores.webp","","","","","","","","1","1","0"
"","","","","","","tps24_1_02_04_25.webp","","","","","","","","1","1","0"
"","","","","","","wheelhouse_tekmation_computer_touch_screen.webp","","","","","","","","1","1","0"
"","","","","","02/","","","","","","","","","43","43","0"
"","","","","","","svg-Bombas-e-Fluxometro.svg","","","","","","","","1","1","0"
"","","","","","","svg-Mobilidade-Eletrica.svg","","","","","","","","1","1","0"
"","","","","","","Assinatura-Horizontal-Preta.svg","","","","","","","","1","1","0"
"","","","","","","svg-Acucar-Etanol.svg","","","","","","","","1","1","0"
"","","","","","","img_utilidades_e_infraestrutura.webp","","","","","","","","1","1","0"
"","","","","","","svg-Papel-Celulose.svg","","","","","","","","1","1","0"
"","","","","","","svg-Representante.svg","","","","","","","","1","1","0"
"","","","","","","scr3_1_02_04_25-1024x1024.webp","","","","","","","","1","1","0"
"","","","","","","svg-Naval-Portos.svg","","","","","","","","1","1","0"
"","","","","","","svg-Petroleo-Gas.svg","","","","","","","","1","1","0"
"","","","","","","svg-fale-com-a-TekSea.svg","","","","","","","","1","1","0"
"","","","","","","svg-Eventos.svg","","","","","","","","1","1","0"
"","","","","","","svg-Quem-Somos.svg","","","","","","","","1","1","0"
"","","","","","","svg-Documentacao.svg","","","","","","","","1","1","0"
"","","","","","","svg-Siderurgia-mineracao.svg","","","","","","","","1","1","0"
"","","","","","","svg-Automacao.svg","","","","","","","","1","1","0"
"","","","","","","img_telecomunica_es_e_data_center.webp","","","","","","","","1","1","0"
"","","","","","","img_leo_g_s_e_offshore.webp","","","","","","","","1","1","0"
"","","","","","","svg-Acessorios.svg","","","","","","","","1","1","0"
"","","","","","","svg-Energia.svg","","","","","","","","1","1","0"
"","","","","","","svg-Transporte.svg","","","","","","","","1","1","0"
"","","","","","","img_industrial.webp","","","","","","","","1","1","0"
"","","","","","","svg-video.svg","","","","","","","","1","1","0"
"","","","","","","svg-Defesa-Seguranca.svg","","","","","","","","1","1","0"
"","","","","","","svg-Energia-Critica.svg","","","","","","","","1","1","0"
"","","","","","","Logo-Teksea-Branco.svg","","","","","","","","1","1","0"
"","","","","","","svg-Saneamento.svg","","","","","","","","1","1","0"
"","","","","","","img_sp.webp","","","","","","","","1","1","0"
"","","","","","","svg-Telecomunicacoes.svg","","","","","","","","1","1","0"
"","","","","","","img_naval_e_portu_rio.webp","","","","","","","","1","1","0"
"","","","","","","svg-Hidroeletrica.svg","","","","","","","","1","1","0"
"","","","","","","svg-canal-de-etica.svg","","","","","","","","1","1","0"
"","","","","","","img_mobilidade_e_transporte.webp","","","","","","","","1","1","0"
"","","","","","","img_post_noticia_3.webp","","","","","","","","1","1","0"
"","","","","","","img_post_noticia_5.webp","","","","","","","","1","1","0"
"","","","","","","img_post_noticia_6.webp","","","","","","","","1","1","0"
"","","","","","","img_post_noticia_2.webp","","","","","","","","1","1","0"
"","","","","","","image_nossa_equipe.webp","","","","","","","","1","1","0"
"","","","","","","image_parceria_com_universidades.webp","","","","","","","","1","1","0"
"","","","","","","image_laborat_rios.webp","","","","","","","","1","1","0"
"","","","","","","img_post_noticia_7.webp","","","","","","","","1","1","0"
"","","","","","","scr3_1_02_04_25.webp","","","","","","","","1","1","0"
"","","","","","","img_post_noticia_01.webp","","","","","","","","1","1","0"
"","","","","","04/","","","","","","","","","6","6","0"
"","","","","","","OFF-TEKSEA-SITE-NOTICIA-1-scaled.png","","","","","","","","1","1","0"
"","","","","","","img_bumenau_atualizado.webp","","","","","","","","1","1","0"
"","","","","","","RelatorioIgualdadeSalarialLote_2026_1_12515928000198.pdf","","","","","","","","1","1","0"
"","","","","","","2-2025-Relatorio-Igualdade-Salarial.pdf","","","","","","","","1","1","0"
"","","","","","","1-2025-Relatorio-Igualdade-Salarial.pdf","","","","","","","","1","1","0"
"","","","","","","OFF-TEKSEA-SITE-NOTICIA-1-1024x479.png","","","","","","","","1","1","0"
"","","","","","06/","","","","","","","","","2","2","0"
"","","","","","","inversor_cc_ca_rack_19_11_05_25-1024x1024.webp","","","","","","","","1","1","0"
"","","","","","","inversor_cc_ca_rack_19_11_05_25.webp","","","","","","","","1","1","0"
"","","","","elementor/","","","","","","","","","","11","11","0"
"","","","","","css/","","","","","","","","","11","11","0"
"","","","","","","custom-widget-icon-list.min.css?ver=1783441923","","","","","","","","1","1","0"
"","","","","","","post-42.css?ver=1783441924","","","","","","","","1","1","0"
"","","","","","","custom-frontend.min.css?ver=1783441923","","","","","","","","1","1","0"
"","","","","","","post-2286.css?ver=1783441924","","","","","","","","1","1","0"
"","","","","","","custom-apple-webkit.min.css?ver=1783441923","","","","","","","","1","1","0"
"","","","","","","post-1003.css?ver=1783443379","","","","","","","","1","1","0"
"","","","","","","post-21.css?ver=1783441923","","","","","","","","1","1","0"
"","","","","","","post-1311.css?ver=1783441924","","","","","","","","1","1","0"
"","","","","","","post-44.css?ver=1783441924","","","","","","","","1","1","0"
"","","","","","","post-1652.css?ver=1783441966","","","","","","","","1","1","0"
"","","","","","","post-1659.css?ver=1783441966","","","","","","","","1","1","0"
"","","","plugins/","","","","","","","","","","","47","47","0"
"","","","","elementor-pro/","","","","","","","","","","13","13","0"
"","","","","","assets/","","","","","","","","","13","13","0"
"","","","","","","css/","","","","","","","","9","9","0"
"","","","","","","","widget-post-info.min.css?ver=4.1.2","","","","","","","1","1","0"
"","","","","","","","widget-post-navigation.min.css?ver=4.1.2","","","","","","","1","1","0"
"","","","","","","","conditionals/","","","","","","","1","1","0"
"","","","","","","","","popup.min.css?ver=4.1.2","","","","","","1","1","0"
"","","","","","","","widget-search.min.css?ver=4.1.2","","","","","","","1","1","0"
"","","","","","","","widget-form.min.css?ver=4.1.2","","","","","","","1","1","0"
"","","","","","","","widget-off-canvas.min.css?ver=4.1.2","","","","","","","1","1","0"
"","","","","","","","widget-share-buttons.min.css?ver=4.1.2","","","","","","","1","1","0"
"","","","","","","","widget-breadcrumbs.min.css?ver=4.1.2","","","","","","","1","1","0"
"","","","","","","","widget-posts.min.css?ver=4.1.2","","","","","","","1","1","0"
"","","","","","","js/","","","","","","","","3","3","0"
"","","","","","","","elements-handlers.min.js?ver=4.1.2","","","","","","","1","1","0"
"","","","","","","","frontend.min.js?ver=4.1.2","","","","","","","1","1","0"
"","","","","","","","webpack-pro.runtime.min.js?ver=4.1.2","","","","","","","1","1","0"
"","","","","","","lib/","","","","","","","","1","1","0"
"","","","","","","","sticky/","","","","","","","1","1","0"
"","","","","","","","","jquery.sticky.min.js?ver=4.1.2","","","","","","1","1","0"
"","","","","elementor/","","","","","","","","","","12","12","0"
"","","","","","assets/","","","","","","","","","12","12","0"
"","","","","","","css/","","","","","","","","5","5","0"
"","","","","","","","widget-divider.min.css?ver=4.1.4","","","","","","","1","1","0"
"","","","","","","","widget-nested-accordion.min.css?ver=4.1.4","","","","","","","1","1","0"
"","","","","","","","widget-image.min.css?ver=4.1.4","","","","","","","1","1","0"
"","","","","","","","widget-social-icons.min.css?ver=4.1.4","","","","","","","1","1","0"
"","","","","","","","widget-heading.min.css?ver=4.1.4","","","","","","","1","1","0"
"","","","","","","lib/","","","","","","","","4","4","0"
"","","","","","","","animations/","","","","","","","3","3","0"
"","","","","","","","","styles/","","","","","","3","3","0"
"","","","","","","","","","fadeInUp.min.css?ver=4.1.4","","","","","1","1","0"
"","","","","","","","","","fadeInRight.min.css?ver=4.1.4","","","","","1","1","0"
"","","","","","","","","","e-animation-grow.min.css?ver=4.1.4","","","","","1","1","0"
"","","","","","","","swiper/","","","","","","","1","1","0"
"","","","","","","","","v8/","","","","","","1","1","0"
"","","","","","","","","","swiper.min.js?ver=8.4.5","","","","","1","1","0"
"","","","","","","js/","","","","","","","","3","3","0"
"","","","","","","","webpack.runtime.min.js?ver=4.1.4","","","","","","","1","1","0"
"","","","","","","","frontend.min.js?ver=4.1.4","","","","","","","1","1","0"
"","","","","","","","frontend-modules.min.js?ver=4.1.4","","","","","","","1","1","0"
"","","","","download-manager/","","","","","","","","","","7","7","0"
"","","","","","assets/","","","","","","","","","7","7","0"
"","","","","","","js/","","","","","","","","2","2","0"
"","","","","","","","front.min.js?ver=3.3.62","","","","","","","1","1","0"
"","","","","","","","wpdm.min.js?ver=7.0","","","","","","","1","1","0"
"","","","","","","modal/","","","","","","","","2","2","0"
"","","","","","","","wpdm-modal.min.js?ver=3.3.62","","","","","","","1","1","0"
"","","","","","","","wpdm-modal.min.css?ver=3.3.62","","","","","","","1","1","0"
"","","","","","","css/","","","","","","","","2","2","0"
"","","","","","","","front-dark.min.css?ver=3.3.62","","","","","","","1","1","0"
"","","","","","","","front.min.css?ver=3.3.62","","","","","","","1","1","0"
"","","","","","","wpdm-iconfont/","","","","","","","","1","1","0"
"","","","","","","","css/","","","","","","","1","1","0"
"","","","","","","","","wpdm-icons.css?ver=7.0","","","","","","1","1","0"
"","","","","mask-form-elementor/","","","","","","","","","","3","3","0"
"","","","","","assets/","","","","","","","","","3","3","0"
"","","","","","","js/","","","","","","","","2","2","0"
"","","","","","","","new-input-mask.js?ver=4.4.3","","","","","","","1","1","0"
"","","","","","","","custom-mask-script.js?ver=4.4.3","","","","","","","1","1","0"
"","","","","","","deprecate_js/","","","","","","","","1","1","0"
"","","","","","","","jquery.mask.min.js?ver=1.0","","","","","","","1","1","0"
"","","","","jet-search/","","","","","","","","","","3","3","0"
"","","","","","assets/","","","","","","","","","3","3","0"
"","","","","","","lib/","","","","","","","","2","2","0"
"","","","","","","","chosen/","","","","","","","1","1","0"
"","","","","","","","","chosen.min.css?ver=1.8.7","","","","","","1","1","0"
"","","","","","","","jet-plugins/","","","","","","","1","1","0"
"","","","","","","","","jet-plugins.js?ver=1.0.0","","","","","","1","1","0"
"","","","","","","css/","","","","","","","","1","1","0"
"","","","","","","","jet-search.css?ver=3.6.1.2","","","","","","","1","1","0"
"","","","","jet-engine/","","","","","","","","","","3","3","0"
"","","","","","assets/","","","","","","","","","3","3","0"
"","","","","","","js/","","","","","","","","2","2","0"
"","","","","","","","frontend/","","","","","","","2","2","0"
"","","","","","","","","modules/","","","","","","1","1","0"
"","","","","","","","","","jet-smart-filters.js?ver=3.8.11.1","","","","","1","1","0"
"","","","","","","","","frontend.js?ver=3.8.11.1","","","","","","1","1","0"
"","","","","","","css/","","","","","","","","1","1","0"
"","","","","","","","frontend.css?ver=3.8.11.1","","","","","","","1","1","0"
"","","","","creame-whatsapp-me/","","","","","","","","","","2","2","0"
"","","","","","public/","","","","","","","","","2","2","0"
"","","","","","","css/","","","","","","","","1","1","0"
"","","","","","","","joinchat-btn.min.css?ver=6.2.3","","","","","","","1","1","0"
"","","","","","","js/","","","","","","","","1","1","0"
"","","","","","","","joinchat.min.js?ver=6.2.3","","","","","","","1","1","0"
"","","","","wp-rocket/","","","","","","","","","","2","2","0"
"","","","","","assets/","","","","","","","","","2","2","0"
"","","","","","","js/","","","","","","","","2","2","0"
"","","","","","","","lazyload/","","","","","","","1","1","0"
"","","","","","","","","17.8.3/","","","","","","1","1","0"
"","","","","","","","","","lazyload.min.js","","","","","1","1","0"
"","","","","","","","wpr-beacon.min.js","","","","","","","1","1","0"
"","","","","gtranslate/","","","","","","","","","","1","1","0"
"","","","","","js/","","","","","","","","","1","1","0"
"","","","","","","dropdown.js?ver=3.1.1","","","","","","","","1","1","0"
"","","","","jet-smart-filters/","","","","","","","","","","1","1","0"
"","","","","","assets/","","","","","","","","","1","1","0"
"","","","","","","js/","","","","","","","","1","1","0"
"","","","","","","","public.js?ver=3.8.3.1","","","","","","","1","1","0"
"","","","cache/","","","","","","","","","","","21","21","0"
"","","","","min/","","","","","","","","","","16","16","0"
"","","","","","1/","","","","","","","","","16","16","0"
"","","","","","","wp-content/","","","","","","","","14","14","0"
"","","","","","","","plugins/","","","","","","","10","10","0"
"","","","","","","","","mask-form-elementor/","","","","","","3","3","0"
"","","","","","","","","","assets/","","","","","3","3","0"
"","","","","","","","","","","js/","","","","2","2","0"
"","","","","","","","","","","","new-input-mask.js?ver=1782299569","","","1","1","0"
"","","","","","","","","","","","custom-mask-script.js?ver=1782299569","","","1","1","0"
"","","","","","","","","","","deprecate_js/","","","","1","1","0"
"","","","","","","","","","","","maskformelementor.js?ver=1782299658","","","1","1","0"
"","","","","","","","","jet-engine/","","","","","","3","3","0"
"","","","","","","","","","assets/","","","","","3","3","0"
"","","","","","","","","","","js/","","","","2","2","0"
"","","","","","","","","","","","frontend/","","","2","2","0"
"","","","","","","","","","","","","modules/","","1","1","0"
"","","","","","","","","","","","","","jet-smart-filters.js?ver=1782299569","1","1","0"
"","","","","","","","","","","","","frontend.js?ver=1782299569","","1","1","0"
"","","","","","","","","","","css/","","","","1","1","0"
"","","","","","","","","","","","frontend.css?ver=1783441967","","","1","1","0"
"","","","","","","","","jet-search/","","","","","","2","2","0"
"","","","","","","","","","assets/","","","","","2","2","0"
"","","","","","","","","","","lib/","","","","1","1","0"
"","","","","","","","","","","","jet-plugins/","","","1","1","0"
"","","","","","","","","","","","","jet-plugins.js?ver=1782299569","","1","1","0"
"","","","","","","","","","","css/","","","","1","1","0"
"","","","","","","","","","","","jet-search.css?ver=1783441967","","","1","1","0"
"","","","","","","","","download-manager/","","","","","","1","1","0"
"","","","","","","","","","assets/","","","","","1","1","0"
"","","","","","","","","","","wpdm-iconfont/","","","","1","1","0"
"","","","","","","","","","","","css/","","","1","1","0"
"","","","","","","","","","","","","wpdm-icons.css?ver=1783441967","","1","1","0"
"","","","","","","","","jet-smart-filters/","","","","","","1","1","0"
"","","","","","","","","","assets/","","","","","1","1","0"
"","","","","","","","","","","js/","","","","1","1","0"
"","","","","","","","","","","","public.js?ver=1782299658","","","1","1","0"
"","","","","","","","themes/","","","","","","","4","4","0"
"","","","","","","","","hello-elementor/","","","","","","4","4","0"
"","","","","","","","","","assets/","","","","","4","4","0"
"","","","","","","","","","","css/","","","","3","3","0"
"","","","","","","","","","","","header-footer.css?ver=1783441967","","","1","1","0"
"","","","","","","","","","","","theme.css?ver=1783441967","","","1","1","0"
"","","","","","","","","","","","reset.css?ver=1783441967","","","1","1","0"
"","","","","","","","","","","js/","","","","1","1","0"
"","","","","","","","","","","","hello-frontend.js?ver=1782299569","","","1","1","0"
"","","","","","","lenis@1.1.18/","","","","","","","","1","1","0"
"","","","","","","","dist/","","","","","","","1","1","0"
"","","","","","","","","lenis.min.js?ver=1782299569","","","","","","1","1","0"
"","","","","","","kpr6vgf.css?ver=1783441967","","","","","","","","1","1","0"
"","","","","background-css/","","","","","","","","","","4","4","0"
"","","","","","1/","","","","","","","","","4","4","0"
"","","","","","","teksea.net/","","","","","","","","4","4","0"
"","","","","","","","wp-content/","","","","","","","4","4","0"
"","","","","","","","","plugins/","","","","","","3","3","0"
"","","","","","","","","","download-manager/","","","","","2","2","0"
"","","","","","","","","","","assets/","","","","2","2","0"
"","","","","","","","","","","","css/","","","2","2","0"
"","","","","","","","","","","","","front-dark.min.css?ver=3.3.62&wpr_t=1783432579","","1","1","0"
"","","","","","","","","","","","","front.min.css?ver=3.3.62&wpr_t=1783432579","","1","1","0"
"","","","","","","","","","jet-search/","","","","","1","1","0"
"","","","","","","","","","","assets/","","","","1","1","0"
"","","","","","","","","","","","lib/","","","1","1","0"
"","","","","","","","","","","","","chosen/","","1","1","0"
"","","","","","","","","","","","","","chosen.min.css?ver=1.8.7&wpr_t=1783432579","1","1","0"
"","","","","","","","","uploads/","","","","","","1","1","0"
"","","","","","","","","","elementor/","","","","","1","1","0"
"","","","","","","","","","","css/","","","","1","1","0"
"","","","","","","","","","","","post-44.css?ver=1783441924&wpr_t=1783432579","","","1","1","0"
"","","","","fonts/","","","","","","","","","","1","1","0"
"","","","","","1/","","","","","","","","","1","1","0"
"","","","","","","google-fonts/","","","","","","","","1","1","0"
"","","","","","","","css/","","","","","","","1","1","0"
"","","","","","","","","1/","","","","","","1","1","0"
"","","","","","","","","","a/","","","","","1","1","0"
"","","","","","","","","","","d/","","","","1","1","0"
"","","","","","","","","","","","6af3f99c08f6a36b5997e9266be13.css","","","1","1","0"
"","","","themes/","","","","","","","","","","","4","4","0"
"","","","","hello-elementor/","","","","","","","","","","4","4","0"
"","","","","","assets/","","","","","","","","","4","4","0"
"","","","","","","css/","","","","","","","","3","3","0"
"","","","","","","","header-footer.css?ver=3.4.9","","","","","","","1","1","0"
"","","","","","","","reset.css?ver=3.4.9","","","","","","","1","1","0"
"","","","","","","","theme.css?ver=3.4.9","","","","","","","1","1","0"
"","","","","","","js/","","","","","","","","1","1","0"
"","","","","","","","hello-frontend.js?ver=3.4.9","","","","","","","1","1","0"
"","","produto/","","","","","","","","","","","","43","42","1"
"","","","tekpower-scr/","","","","","","","","","","","1","1","0"
"","","","consoles-e-mesas-de-controle/","","","","","","","","","","","1","1","0"
"","","","industria-paineis-de-distribuicao-eletrica/","","","","","","","","","","","1","1","0"
"","","","iot-internet-of-things-skytek/","","","","","","","","","","","1","1","0"
"","","","retificador-carregador-chaveado-tps125/","","","","","","","","","","","1","1","0"
"","","","gradil-tekbox-heavy-duty/","","","","","","","","","","","1","1","0"
"","","","thor-monitoramento-remoto/","","","","","","","","","","","1","1","0"
"","","","bms-sistema-de-monitoramento-de-baterias/","","","","","","","","","","","1","1","0"
"","","","tekleakage-monitoramento-de-isolacao-em-barramentos-eletricos/","","","","","","","","","","","1","1","0"
"","","","teknav-nlc-painel-luzes-de-navegacao-e-sinalizacao/","","","","","","","","","","","1","1","0"
"","","","kral-display-e-unidade-de-processamento-bem500/","","","","","","","","","","","1","1","0"
"","","","ups-industrial-scr-igbt/","","","","","","","","","","","1","1","0"
"","","","tms-1000-monitoracao-e-alarmes-de-tanques/","","","","","","","","","","","1","1","0"
"","","","marine-paineis-distribuicao-principal-e-auxiliares/","","","","","","","","","","","1","1","0"
"","","","kral-estacoes-oleo-lubrificante/","","","","","","","","","","","1","1","0"
"","","","kral-bombas-serie-k/","","","","","","","","","","","1","1","0"
"","","","radares/","","","","","","","","","","","1","1","0"
"","","","display-ecdis/","","","","","","","","","","","1","1","0"
"","","","tekmation-iamcs-sistema-integrado-de-automacao/","","","","","","","","","","","1","1","0"
"","","","ams1024-modulo-para-monitoracao-e-alarmes/","","","","","","","","","","","1","1","0"
"","","","fire-system/","","","","","","","","","","","1","1","0"
"","","","bnwas-bridge-navigational-watch-alarm-system/","","","","","","","","","","","1","1","0"
"","","","corenet-corebox-g2/","","","","","","","","","","","1","1","0"
"","","","corebox-smart-g1/","","","","","","","","","","","1","1","0"
"","","","kral-fluxometro-serie-omp/","","","","","","","","","","","1","1","0"
"","","","retificador-carregador-chaveado-tps-24/","","","","","","","","","","","1","1","0"
"","","","ccm-centro-de-controle-de-motores/","","","","","","","","","","","1","1","0"
"","","","retificador-carregador-chaveado-portatil-tps125-p/","","","","","","","","","","","1","1","0"
"","","","tekcharger-swm/","","","","","","","","","","","1","1","0"
"","","","kral-bombas-z-series/","","","","","","","","","","","1","1","0"
"","","","vhf-icom-m506/","","","","","","","","","","","1","1","0"
"","","","kral-bombas-serie-l/","","","","","","","","","","","1","1","0"
"","","","retificador-carregador-chaveado-tps-48/","","","","","","","","","","","1","1","0"
"","","","motor-h-eco/","","","","","","","","","","","1","1","0"
"","","","ups-industrial-full-igbt/","","","","","","","","","","","1","1","0"
"","","","ups-comercial/","","","","","","","","","","","1","1","0"
"","","","conversor-estatico-de-frequencia-400hz/","","","","","","","","","","","1","1","0"
"","","","inversor-cc-ca-rack-19/","","","","","","","","","","","1","1","0"
"","","","ups-modular/","","","","","","","","","","","1","1","0"
"","","","inversor-cc-ca-industrial/","","","","","","","","","","","1","1","0"
"","","","kral-bombas-serie-c/","","","","","","","","","","","1","1","0"
"","","","wheelhouse-tekmation-computer-touch-screen/","","","","","","","","","","","1","1","0"
"","","subcategoria/","","","","","","","","","","","","16","14","2"
"","","","tiristorizados-scr/","","","","","","","","","","","1","1","0"
"","","","gateways-proprietarios-multiprotocolos/","","","","","","","","","","","1","1","0"
"","","","parafuso-triplo/","","","","","","","","","","","1","1","0"
"","","","ups-nobreak/","","","","","","","","","","","1","1","0"
"","","","radio-telecom/","","","","","","","","","","","1","1","0"
"","","","baterias/","","","","","","","","","","","1","1","0"
"","","","compactos-moveis/","","","","","","","","","","","1","1","0"
"","","","compactos/","","","","","","","","","","","1","0","1"
"","","","conversor-estatico/","","","","","","","","","","","1","1","0"
"","","","protecao/","","","","","","","","","","","1","1","0"
"","","","inversor-cc-ca-com-chave-estatica/","","","","","","","","","","","1","1","0"
"","","","inversor-cc-ca","","","","","","","","","","","1","0","1"
"","","","bombas-de-parafuso-duplo/","","","","","","","","","","","1","1","0"
"","","","chaveados-modulares-tps/","","","","","","","","","","","1","1","0"
"","","","inversor-cc-ca/","","","","","","","","","","","1","1","0"
"","","","navegacao-e-comunicacao/","","","","","","","","","","","1","1","0"
"","","mercados-que-atendemos/","","","","","","","","","","","","12","12","0"
"","","","hidroeletrica/","","","","","","","","","","","1","1","0"
"","","","telecomunicacoes/","","","","","","","","","","","1","1","0"
"","","","petroleo-gas/","","","","","","","","","","","1","1","0"
"","","","saneamento/","","","","","","","","","","","1","1","0"
"","","","transporte/","","","","","","","","","","","1","1","0"
"","","","mobilidade-eletrica/","","","","","","","","","","","1","1","0"
"","","","defesa-seguranca/","","","","","","","","","","","1","1","0"
"","","","acucar-etanol/","","","","","","","","","","","1","1","0"
"","","","siderurgia-mineracao/","","","","","","","","","","","1","1","0"
"","","","energia/","","","","","","","","","","","1","1","0"
"","","","papel-celulose/","","","","","","","","","","","1","1","0"
"","","","naval-portos/","","","","","","","","","","","1","1","0"
"","","wp-includes/","","","","","","","","","","","","9","9","0"
"","","","js/","","","","","","","","","","","8","8","0"
"","","","","jquery/","","","","","","","","","","5","5","0"
"","","","","","ui/","","","","","","","","","2","2","0"
"","","","","","","core.min.js?ver=1.13.3","","","","","","","","1","1","0"
"","","","","","","datepicker.min.js?ver=1.13.3","","","","","","","","1","1","0"
"","","","","","jquery.min.js?ver=3.7.1","","","","","","","","","1","1","0"
"","","","","","jquery-migrate.min.js?ver=3.4.1","","","","","","","","","1","1","0"
"","","","","","jquery.form.min.js?ver=4.3.0","","","","","","","","","1","1","0"
"","","","","dist/","","","","","","","","","","2","2","0"
"","","","","","hooks.min.js?ver=7496969728ca0f95732d","","","","","","","","","1","1","0"
"","","","","","i18n.min.js?ver=781d11515ad3d91786ec","","","","","","","","","1","1","0"
"","","","","imagesloaded.min.js?ver=5.0.0","","","","","","","","","","1","1","0"
"","","","blocks/","","","","","","","","","","","1","1","0"
"","","","","paragraph/","","","","","","","","","","1","1","0"
"","","","","","style.min.css?ver=7.0","","","","","","","","","1","1","0"
"","","videos/","","","","","","","","","","","","8","8","0"
"","","","teksea-telecom-energia-que-conecta-o-mundo/","","","","","","","","","","","1","1","0"
"","","","tekpower-scr-espanol-retificador-cargador/","","","","","","","","","","","1","1","0"
"","","","tekmation-thor-monitoramento-inteligente-para-telecomunicacoes/","","","","","","","","","","","1","1","0"
"","","","tekpower-tps-retificador-carregador/","","","","","","","","","","","1","1","0"
"","","","tekpower-scr-retificador-carregador/","","","","","","","","","","","1","1","0"
"","","","tekpower-bki-sistemas-inversores-cc-ca-com-chave-estatica/","","","","","","","","","","","1","1","0"
"","","","sistema-de-energia-para-telecomunicacoes-tekpower-by-teksea/","","","","","","","","","","","1","1","0"
"","","eventos/","","","","","","","","","","","","6","6","0"
"","","","flibs-fort-lauderdale-international-boat-show/","","","","","","","","","","","1","1","0"
"","","","international-workboat-show/","","","","","","","","","","","1","1","0"
"","","","nt-expo-negocios-nos-trilhos/","","","","","","","","","","","1","1","0"
"","","","sc-expo-defense/","","","","","","","","","","","1","1","0"
"","","","mostra-bid-brasil/","","","","","","","","","","","1","1","0"
"","","","fiee-feira-internacional-da-industria-eletrica/","","","","","","","","","","","1","1","0"
"","","segmento/","","","","","","","","","","","","4","4","0"
"","","","bombas-e-fluxometros/","","","","","","","","","","","1","1","0"
"","","","automacao/","","","","","","","","","","","1","1","0"
"","","","acessorios/","","","","","","","","","","","1","1","0"
"","","","energia-critica/","","","","","","","","","","","1","1","0"
"","","central-de-documentos/","","","","","","","","","","","","3","1","2"
"","","","?jsf=jet-engine&meta=pdf_tipo:manual","","","","","","","","","","","1","0","1"
"","","","?jsf=jet-engine&meta=pdf_tipo:catalogo","","","","","","","","","","","1","0","1"
"","","2026/","","","","","","","","","","","","3","0","3"
"","","","04/","","","","","","","","","","","1","0","1"
"","","","","07/","","","","","","","","","","1","0","1"
"","","","03/","","","","","","","","","","","1","0","1"
"","","","","25/","","","","","","","","","","1","0","1"
"","","","02/","","","","","","","","","","","1","0","1"
"","","","","26/","","","","","","","","","","1","0","1"
"","","cdn-cgi/","","","","","","","","","","","","2","1","1"
"","","","scripts/","","","","","","","","","","","1","1","0"
"","","","","5c5dd728/","","","","","","","","","","1","1","0"
"","","","","","cloudflare-static/","","","","","","","","","1","1","0"
"","","","","","","email-decode.min.js","","","","","","","","1","1","0"
"","","","l/","","","","","","","","","","","1","0","1"
"","","","","email-protection","","","","","","","","","","1","0","1"
"","","noticias/","","","","","","","","","","","","2","2","0"
"","","","page/","","","","","","","","","","","1","1","0"
"","","","","2/","","","","","","","","","","1","1","0"
"","","produtos/","","","","","","","","","","","","1","1","0"
"","","teksea-e-recertificada-na-iso-90012015-consolidando-seu-padrao-de-excelencia-em-qualidade/","","","","","","","","","","","","1","1","0"
"","","sobre-nos/","","","","","","","","","","","","1","1","0"
"","","investimentos-bacia-de-campos-setor-offshore/","","","","","","","","","","","","1","1","0"
"","","documentacao/","","","","","","","","","","","","1","1","0"
"","","auditoria-da-petrobras-e-concluida-com-sucesso-e-reforca-qualidade-da-teksea/","","","","","","","","","","","","1","1","0"
"","","fale-conosco/","","","","","","","","","","","","1","1","0"
"","","consolidacao-de-parceria-entre-empresas-enel-e-teksea/","","","","","","","","","","","","1","1","0"
"","","atividades-no-navio-fsru-bw-magna-sob-um-novo-mundo-pos-virus/","","","","","","","","","","","","1","1","0"
"","","novo-navio-petroleiro-equipado-com-sistemas-teksea-rumo-a-fernando-de-noronha/","","","","","","","","","","","","1","1","0"
"","","teksea-entrega-sistemas-de-energia-controle-comunicacao-e-automacao-para-navio-de-transporte-de-combustiveis/","","","","","","","","","","","","1","1","0"
"","","entrega-de-sistemas-de-energia-a-eletrobras-furnas/","","","","","","","","","","","","1","1","0"
"","","teksea-obtem-certificacao-iso-450012018-e-fortalece-sua-cultura-de-saude-e-seguranca-no-trabalho/","","","","","","","","","","","","1","1","0"
"","","teksea-conquista-certificacao-iso-140012015-e-reforca-seu-compromisso-com-a-sustentabilidade-e-a-gestao-ambiental-responsavel/","","","","","","","","","","","","1","1","0"
"","","carregador-24vcc-tekcharger/","","","","","","","","","","","","1","0","1"
"","","sistema-controle-luminarias-duplas/","","","","","","","","","","","","1","0","1"
"","","iamcs-sistema-automacao-integrada-de-monitoracao-e-controle/","","","","","","","","","","","","1","0","1"
"","","teksea-entrega-1-dos-6-rebocadores-a-svitzer/","","","","","","","","","","","","1","1","0"
