"Address","Content Type","Status Code","Status","Indexability","Indexability Status","Inlinks","Response Time","Redirect URL","Redirect Type"
"https://teksea.net/","text/html; charset=UTF-8","200","OK","Indexable","","758","0.108","",""
"https://teksea.net/wp-content/uploads/2026/02/svg-Bombas-e-Fluxometro.svg","image/svg+xml","200","OK","Indexable","","0","0.093","",""
"https://teksea.net/wp-content/plugins/creame-whatsapp-me/public/css/joinchat-btn.min.css?ver=6.2.3","text/css; charset=utf-8","200","OK","Indexable","","0","0.084","",""
"https://teksea.net/wp-content/uploads/2026/02/svg-Mobilidade-Eletrica.svg","image/svg+xml","200","OK","Indexable","","0","0.087","",""
"https://teksea.net/wp-content/uploads/2026/02/Assinatura-Horizontal-Preta.svg","image/svg+xml","200","OK","Indexable","","0","0.095","",""
"https://teksea.net/wp-content/uploads/2026/02/svg-Acucar-Etanol.svg","image/svg+xml","200","OK","Indexable","","0","0.089","",""
"https://teksea.net/mercados-que-atendemos/hidroeletrica/","text/html; charset=UTF-8","200","OK","Indexable","","335","0.169","",""
"https://teksea.net/produto/tekpower-scr/","text/html; charset=UTF-8","200","OK","Indexable","","10","0.142","",""
"https://teksea.net/produtos/","text/html; charset=UTF-8","200","OK","Indexable","","7","0.144","",""
"https://teksea.net/subcategoria/tiristorizados-scr/","text/html; charset=UTF-8","200","OK","Indexable","","225","0.162","",""
"https://teksea.net/eventos/flibs-fort-lauderdale-international-boat-show/","text/html; charset=UTF-8","200","OK","Indexable","","16","0.132","",""
"https://teksea.net/wp-content/uploads/2026/02/img_utilidades_e_infraestrutura.webp","image/webp","200","OK","Indexable","","0","0.083","",""
"https://www.googletagmanager.com/ns.html?id=GTM-PWBLPHD9","text/html; charset=UTF-8","200","OK","Indexable","","0","0.206","",""
"https://teksea.net/wp-content/plugins/gtranslate/js/dropdown.js?ver=3.1.1","text/javascript; charset=utf-8","200","OK","Indexable","","0","0.035","",""
"https://teksea.net/wp-content/uploads/2026/03/kral_esta_es_leo_lubrificante-1024x1024.webp","image/webp","200","OK","Indexable","","0","0.082","",""
"https://teksea.net/wp-content/uploads/2026/03/ams1024_m_dulo_para_monitora_o_e_alarmes-1024x1024.webp","image/webp","200","OK","Indexable","","0","0.045","",""
"https://teksea.net/eventos/international-workboat-show/","text/html; charset=UTF-8","200","OK","Indexable","","16","0.073","",""
"https://teksea.net/wp-includes/js/jquery/jquery.min.js?ver=3.7.1","text/javascript; charset=utf-8","200","OK","Indexable","","0","0.096","",""
"https://teksea.net/mercados-que-atendemos/telecomunicacoes/","text/html; charset=UTF-8","200","OK","Indexable","","335","0.055","",""
"https://teksea.net/wp-content/cache/min/1/wp-content/themes/hello-elementor/assets/js/hello-frontend.js?ver=1782299569","text/javascript; charset=utf-8","200","OK","Indexable","","0","0.122","",""
"https://teksea.net/wp-content/uploads/2026/02/svg-Papel-Celulose.svg","image/svg+xml","200","OK","Indexable","","0","0.033","",""
"https://teksea.net/wp-content/uploads/2026/03/gradil_tekbox_1-1024x1024.webp","image/webp","200","OK","Indexable","","0","0.150","",""
"https://teksea.net/mercados-que-atendemos/petroleo-gas/","text/html; charset=UTF-8","200","OK","Indexable","","335","0.060","",""
"https://teksea.net/wp-content/uploads/2026/02/svg-Representante.svg","image/svg+xml","200","OK","Indexable","","0","0.104","",""
"https://teksea.net/wp-content/uploads/2026/03/images-1.jpeg","image/jpeg","200","OK","Indexable","","0","0.124","",""
"https://teksea.net/wp-content/uploads/2026/02/scr3_1_02_04_25-1024x1024.webp","image/webp","200","OK","Indexable","","0","0.020","",""
"https://teksea.net/wp-includes/js/jquery/jquery-migrate.min.js?ver=3.4.1","text/javascript; charset=utf-8","200","OK","Indexable","","0","0.025","",""
"https://teksea.net/subcategoria/gateways-proprietarios-multiprotocolos/","text/html; charset=UTF-8","200","OK","Indexable","","225","0.111","",""
"https://teksea.net/segmento/bombas-e-fluxometros/","text/html; charset=UTF-8","200","OK","Indexable","","117","0.125","",""
"https://teksea.net/subcategoria/parafuso-triplo/","text/html; charset=UTF-8","200","OK","Indexable","","225","0.131","",""
"https://teksea.net/subcategoria/ups-nobreak/","text/html; charset=UTF-8","200","OK","Indexable","","225","0.105","",""
"https://teksea.net/wp-content/uploads/2026/02/svg-Naval-Portos.svg","image/svg+xml","200","OK","Indexable","","0","0.026","",""
"https://www.youtube.com/channel/UC9XZyzsvAMArFo3vguEdgnA","text/html; charset=utf-8","200","OK","Indexable","","110","0.124","",""
"https://teksea.net/subcategoria/radio-telecom/","text/html; charset=UTF-8","200","OK","Indexable","","225","0.053","",""
"https://intranet.teksea.net/","text/html; charset=UTF-8","200","OK","Indexable","","110","0.189","",""
"https://tekmetals.net/","text/html; charset=UTF-8","200","OK","Indexable","","220","0.380","",""
"https://teksea.net/eventos/nt-expo-negocios-nos-trilhos/","text/html; charset=UTF-8","200","OK","Indexable","","16","0.066","",""
"https://teksea.net/wp-content/uploads/2026/02/svg-Petroleo-Gas.svg","image/svg+xml","200","OK","Indexable","","0","0.035","",""
"https://teksea.net/wp-content/uploads/2026/02/svg-fale-com-a-TekSea.svg","image/svg+xml","200","OK","Indexable","","0","0.076","",""
"https://teksea.net/produto/consoles-e-mesas-de-controle/","text/html; charset=UTF-8","200","OK","Indexable","","228","0.151","",""
"https://teksea.net/wp-content/uploads/2026/02/svg-Eventos.svg","image/svg+xml","200","OK","Indexable","","0","0.082","",""
"https://teksea.net/wp-content/uploads/2026/03/scr_igbt_1_02_04_25-1024x1024.webp","image/webp","200","OK","Indexable","","0","0.144","",""
"https://teksea.net/wp-content/uploads/2026/02/svg-Quem-Somos.svg","image/svg+xml","200","OK","Indexable","","0","0.030","",""
"https://teksea.net/produto/industria-paineis-de-distribuicao-eletrica/","text/html; charset=UTF-8","200","OK","Indexable","","246","0.061","",""
"https://teksea.net/wp-content/uploads/2026/02/svg-Documentacao.svg","image/svg+xml","200","OK","Indexable","","0","0.091","",""
"https://teksea.net/subcategoria/baterias/","text/html; charset=UTF-8","200","OK","Indexable","","445","0.054","",""
"https://teksea.net/mercados-que-atendemos/saneamento/","text/html; charset=UTF-8","200","OK","Indexable","","335","0.120","",""
"https://teksea.net/produto/iot-internet-of-things-skytek/","text/html; charset=UTF-8","200","OK","Indexable","","230","0.143","",""
"https://teksea.net/produto/retificador-carregador-chaveado-tps125/","text/html; charset=UTF-8","200","OK","Indexable","","12","0.109","",""
"https://teksea.net/produto/gradil-tekbox-heavy-duty/","text/html; charset=UTF-8","200","OK","Indexable","","14","0.168","",""
"https://teksea.net/teksea-e-recertificada-na-iso-90012015-consolidando-seu-padrao-de-excelencia-em-qualidade/","text/html; charset=UTF-8","200","OK","Indexable","","55","0.079","",""
"https://teksea.net/wp-content/uploads/2026/02/svg-Siderurgia-mineracao.svg","image/svg+xml","200","OK","Indexable","","0","0.024","",""
"https://teksea.net/eventos/sc-expo-defense/","text/html; charset=UTF-8","200","OK","Indexable","","16","0.073","",""
"https://teksea.net/wp-content/uploads/2026/02/svg-Automacao.svg","image/svg+xml","200","OK","Indexable","","0","0.027","",""
"https://teksea.net/wp-content/cache/min/1/wp-content/plugins/jet-search/assets/lib/jet-plugins/jet-plugins.js?ver=1782299569","text/javascript; charset=utf-8","200","OK","Indexable","","0","0.027","",""
"https://teksea.net/wp-includes/js/imagesloaded.min.js?ver=5.0.0","text/javascript; charset=utf-8","200","OK","Indexable","","0","0.080","",""
"https://teksea.net/sobre-nos/","text/html; charset=UTF-8","200","OK","Indexable","","594","0.064","",""
"https://teksea.net/mercados-que-atendemos/transporte/","text/html; charset=UTF-8","200","OK","Indexable","","335","0.067","",""
"https://teksea.net/wp-content/uploads/2026/03/images-2.jpeg","image/jpeg","200","OK","Indexable","","0","0.118","",""
"https://teksea.net/wp-content/uploads/2026/02/img_telecomunica_es_e_data_center.webp","image/webp","200","OK","Indexable","","0","0.115","",""
"https://teksea.net/wp-content/uploads/2026/02/img_leo_g_s_e_offshore.webp","image/webp","200","OK","Indexable","","0","0.037","",""
"https://teksea.net/produto/thor-monitoramento-remoto/","text/html; charset=UTF-8","200","OK","Indexable","","228","0.122","",""
"https://teksea.net/wp-content/uploads/2026/03/img_post_noticia_auditoria.webp","image/webp","200","OK","Indexable","","0","0.090","",""
"https://teksea.net/wp-content/cache/min/1/wp-content/plugins/mask-form-elementor/assets/js/new-input-mask.js?ver=1782299569","text/javascript; charset=utf-8","200","OK","Indexable","","0","0.088","",""
"https://teksea.net/wp-content/plugins/download-manager/assets/js/front.min.js?ver=3.3.62","text/javascript; charset=utf-8","200","OK","Indexable","","0","0.081","",""
"https://teksea.net/cdn-cgi/scripts/5c5dd728/cloudflare-static/email-decode.min.js","application/javascript","200","OK","Indexable","","0","0.022","",""
"https://teksea.net/wp-content/uploads/2026/03/kral_bombas_s_rie_k-1024x1024.webp","image/webp","200","OK","Indexable","","0","0.137","",""
"https://teksea.net/wp-content/uploads/2026/03/images-3.jpeg","image/jpeg","200","OK","Indexable","","0","0.189","",""
"https://teksea.net/wp-content/uploads/2026/02/svg-Acessorios.svg","image/svg+xml","200","OK","Indexable","","0","0.076","",""
"https://teksea.net/produto/bms-sistema-de-monitoramento-de-baterias/","text/html; charset=UTF-8","200","OK","Indexable","","34","0.103","",""
"https://teksea.net/investimentos-bacia-de-campos-setor-offshore/","text/html; charset=UTF-8","200","OK","Indexable","","54","0.161","",""
"https://teksea.net/wp-content/uploads/2026/04/OFF-TEKSEA-SITE-NOTICIA-1-scaled.png","image/png","200","OK","Indexable","","0","0.080","",""
"https://teksea.net/produto/tekleakage-monitoramento-de-isolacao-em-barramentos-eletricos/","text/html; charset=UTF-8","200","OK","Indexable","","228","0.110","",""
"https://teksea.net/wp-content/uploads/2026/03/corenet_corebox_g2-1024x1024.webp","image/webp","200","OK","Indexable","","0","0.094","",""
"https://teksea.net/produto/teknav-nlc-painel-luzes-de-navegacao-e-sinalizacao/","text/html; charset=UTF-8","200","OK","Indexable","","226","0.059","",""
"https://maps.app.goo.gl/TfAu62H1wKHydpde7","application/binary","302","Found","Non-Indexable","Redirected","116","0.324","https://www.google.com/maps/place/TEKSEA+(matriz)/@-26.8536705,-49.1002256,1057m/data=!3m2!1e3!4b1!4m6!3m5!1s0x94df1e7eae862cab:0xdeb11a430c9c6080!8m2!3d-26.8536705!4d-49.1002256!16s%2Fg%2F11f2gszmwk?entry=tts&g_ep=EgoyMDI2MDMwNC4xIPu8ASoASAFQAw%3D%3D&skid=010279f0-2aa3-49dd-9d37-a898390fef1c","HTTP Redirect"
"https://teksea.net/subcategoria/compactos-moveis/","text/html; charset=UTF-8","200","OK","Indexable","","115","0.094","",""
"https://teksea.net/wp-content/uploads/2026/03/kral_display_e_unidade_de_processamento_bem500-1024x1024.webp","image/webp","200","OK","Indexable","","0","0.103","",""
"https://teksea.net/subcategoria/compactos/","text/html; charset=UTF-8","301","Moved Permanently","Non-Indexable","Redirected","110","0.263","https://teksea.net/subcategoria/compactos-moveis/","HTTP Redirect"
"https://teksea.net/mercados-que-atendemos/mobilidade-eletrica/","text/html; charset=UTF-8","200","OK","Indexable","","335","0.060","",""
"https://maps.app.goo.gl/RxionMc8rgM6X9LA7","application/binary","302","Found","Non-Indexable","Redirected","6","1.019","https://www.google.com/maps/place/Swiss+Park+Office/@-22.9537009,-47.0624067,1091m/data=!3m2!1e3!4b1!4m6!3m5!1s0x94c8c948ee7b26b3:0x4d638849f09214df!8m2!3d-22.9537009!4d-47.0624067!16s%2Fg%2F11dzdgfff9?entry=tts&g_ep=EgoyMDI2MDMwNC4xIPu8ASoASAFQAw%3D%3D&skid=6428bf16-453a-430f-9bd4-b41018e2b716","HTTP Redirect"
"https://teksea.net/wp-content/uploads/2026/02/svg-Energia.svg","image/svg+xml","200","OK","Indexable","","0","0.035","",""
"https://teksea.net/wp-content/uploads/2026/02/svg-Transporte.svg","image/svg+xml","200","OK","Indexable","","0","0.028","",""
"https://teksea.net/wp-content/uploads/2026/02/img_industrial.webp","image/webp","200","OK","Indexable","","0","0.087","",""
"https://teksea.net/wp-content/uploads/2026/02/svg-video.svg","image/svg+xml","200","OK","Indexable","","0","0.089","",""
"https://www.linkedin.com/company/teksea/","text/html; charset=utf-8","200","OK","Indexable","","110","0.792","",""
"https://teksea.net/wp-content/uploads/2026/02/svg-Defesa-Seguranca.svg","image/svg+xml","200","OK","Indexable","","0","0.080","",""
"https://teksea.net/documentacao/","text/html; charset=UTF-8","200","OK","Indexable","","225","0.130","",""
"https://teksea.net/subcategoria/conversor-estatico/","text/html; charset=UTF-8","200","OK","Indexable","","225","0.133","",""
"https://teksea.net/wp-content/uploads/2026/03/tekmation_iamcs_sistema_integrado_de_automa_o-1024x1024.webp","image/webp","200","OK","Indexable","","0","0.085","",""
"https://teksea.net/wp-content/cache/min/1/lenis@1.1.18/dist/lenis.min.js?ver=1782299569","text/javascript; charset=utf-8","200","OK","Indexable","","0","0.024","",""
"https://teksea.net/wp-content/uploads/2026/03/tps125_1_02_04_25-1024x1024.webp","image/webp","200","OK","Indexable","","0","0.076","",""
"https://teksea.net/wp-content/uploads/2026/02/svg-Energia-Critica.svg","image/svg+xml","200","OK","Indexable","","0","0.079","",""
"https://teksea.net/wp-content/plugins/elementor/assets/js/webpack.runtime.min.js?ver=4.1.4","text/javascript; charset=utf-8","200","OK","Indexable","","0","0.032","",""
"https://teksea.net/auditoria-da-petrobras-e-concluida-com-sucesso-e-reforca-qualidade-da-teksea/","text/html; charset=UTF-8","200","OK","Indexable","","55","0.109","",""
"https://teksea.net/mercados-que-atendemos/defesa-seguranca/","text/html; charset=UTF-8","200","OK","Indexable","","335","0.118","",""
"https://teksea.net/wp-content/uploads/2026/04/img_bumenau_atualizado.webp","image/webp","200","OK","Indexable","","0","0.118","",""
"https://teksea.net/wp-includes/js/dist/hooks.min.js?ver=7496969728ca0f95732d","text/javascript; charset=utf-8","200","OK","Indexable","","0","0.025","",""
"https://teksea.net/wp-content/plugins/download-manager/assets/modal/wpdm-modal.min.js?ver=3.3.62","text/javascript; charset=utf-8","200","OK","Indexable","","0","0.028","",""
"https://api.whatsapp.com/send?phone=554733381137","","0","Blocked by robots.txt","Non-Indexable","Blocked by robots.txt","110","","",""
"https://teksea.net/produto/kral-display-e-unidade-de-processamento-bem500/","text/html; charset=UTF-8","200","OK","Indexable","","238","0.119","",""
"https://teksea.net/wp-content/plugins/creame-whatsapp-me/public/js/joinchat.min.js?ver=6.2.3","text/javascript; charset=utf-8","200","OK","Indexable","","0","0.077","",""
"https://teksea.net/produto/ups-industrial-scr-igbt/","text/html; charset=UTF-8","200","OK","Indexable","","28","0.121","",""
"https://teksea.net/wp-content/uploads/2026/02/Logo-Teksea-Branco.svg","image/svg+xml","200","OK","Indexable","","0","0.069","",""
"https://teksea.net/produto/tms-1000-monitoracao-e-alarmes-de-tanques/","text/html; charset=UTF-8","200","OK","Indexable","","230","0.121","",""
"https://teksea.net/wp-content/uploads/2026/02/svg-Saneamento.svg","image/svg+xml","200","OK","Indexable","","0","0.115","",""
"https://teksea.net/wp-content/uploads/2026/03/corebox_smart_g1-1024x1024.webp","image/webp","200","OK","Indexable","","0","0.057","",""
"https://teksea.net/cdn-cgi/l/email-protection","text/html","404","Not Found","Non-Indexable","Client Error","112","0.079","",""
"https://teksea.net/subcategoria/protecao/","text/html; charset=UTF-8","200","OK","Indexable","","225","0.054","",""
"https://teksea.net/mercados-que-atendemos/acucar-etanol/","text/html; charset=UTF-8","200","OK","Indexable","","335","0.128","",""
"https://teksea.net/wp-content/uploads/2026/03/NT-Expo-_-o-que-fazer-no-terceiro-dia.jpg","image/jpeg","200","OK","Indexable","","0","0.084","",""
"https://teksea.net/wp-content/uploads/2026/03/gen1.webp","image/webp","200","OK","Indexable","","0","0.040","",""
"https://teksea.net/segmento/automacao/","text/html; charset=UTF-8","200","OK","Indexable","","117","0.067","",""
"https://teksea.net/mercados-que-atendemos/siderurgia-mineracao/","text/html; charset=UTF-8","200","OK","Indexable","","335","0.128","",""
"https://teksea.net/noticias/","text/html; charset=UTF-8","200","OK","Indexable","","239","0.081","",""
"https://teksea.net/segmento/acessorios/","text/html; charset=UTF-8","200","OK","Indexable","","116","0.108","",""
"https://teksea.net/produto/marine-paineis-distribuicao-principal-e-auxiliares/","text/html; charset=UTF-8","200","OK","Indexable","","232","0.064","",""
"https://teksea.net/wp-content/plugins/elementor-pro/assets/js/elements-handlers.min.js?ver=4.1.2","text/javascript; charset=utf-8","200","OK","Indexable","","0","0.141","",""
"https://teksea.net/wp-content/plugins/elementor/assets/lib/swiper/v8/swiper.min.js?ver=8.4.5","text/javascript; charset=utf-8","200","OK","Indexable","","0","0.080","",""
"https://teksea.net/wp-content/cache/min/1/wp-content/plugins/mask-form-elementor/assets/js/custom-mask-script.js?ver=1782299569","text/javascript; charset=utf-8","200","OK","Indexable","","0","0.075","",""
"https://teksea.net/produto/kral-estacoes-oleo-lubrificante/","text/html; charset=UTF-8","200","OK","Indexable","","236","0.060","",""
"https://teksea.net/wp-content/uploads/2026/02/img_sp.webp","image/webp","200","OK","Indexable","","0","0.023","",""
"https://teksea.net/produto/kral-bombas-serie-k/","text/html; charset=UTF-8","200","OK","Indexable","","18","0.188","",""
"https://teksea.net/mercados-que-atendemos/energia/","text/html; charset=UTF-8","200","OK","Indexable","","335","0.067","",""
"https://teksea.net/subcategoria/inversor-cc-ca-com-chave-estatica/","text/html; charset=UTF-8","200","OK","Indexable","","225","0.081","",""
"https://teksea.net/wp-content/uploads/2026/03/1920.webp","image/webp","200","OK","Indexable","","0","0.126","",""
"https://teksea.net/produto/radares/","text/html; charset=UTF-8","200","OK","Indexable","","230","0.070","",""
"https://teksea.net/wp-content/uploads/2026/02/svg-Telecomunicacoes.svg","image/svg+xml","200","OK","Indexable","","0","0.070","",""
"https://teksea.net/wp-content/cache/min/1/wp-content/plugins/jet-engine/assets/js/frontend/modules/jet-smart-filters.js?ver=1782299569","text/javascript; charset=utf-8","200","OK","Indexable","","0","0.069","",""
"https://teksea.net/wp-content/cache/min/1/wp-content/plugins/jet-engine/assets/js/frontend/frontend.js?ver=1782299569","text/javascript; charset=utf-8","200","OK","Indexable","","0","0.070","",""
"https://teksea.net/produto/display-ecdis/","text/html; charset=UTF-8","200","OK","Indexable","","230","0.071","",""
"https://teksea.net/wp-content/uploads/2026/03/ind_stria_pain_is_de_distribui_o_el_trica-1024x1024.webp","image/webp","200","OK","Indexable","","0","0.111","",""
"https://teksea.net/wp-content/uploads/2026/02/img_naval_e_portu_rio.webp","image/webp","200","OK","Indexable","","0","0.075","",""
"https://teksea.net/wp-content/plugins/download-manager/assets/js/wpdm.min.js?ver=7.0","text/javascript; charset=utf-8","200","OK","Indexable","","0","0.073","",""
"https://teksea.net/produto/tekmation-iamcs-sistema-integrado-de-automacao/","text/html; charset=UTF-8","200","OK","Indexable","","228","0.089","",""
"https://teksea.net/wp-content/uploads/2026/03/bms_1_02_04_25-1024x1024.webp","image/webp","200","OK","Indexable","","0","0.083","",""
"https://teksea.net/subcategoria/inversor-cc-ca","text/html; charset=UTF-8","301","Moved Permanently","Non-Indexable","Redirected","220","0.639","https://teksea.net/subcategoria/inversor-cc-ca/","HTTP Redirect"
"https://teksea.net/wp-content/uploads/2026/02/svg-Hidroeletrica.svg","image/svg+xml","200","OK","Indexable","","0","0.098","",""
"https://www.facebook.com/profile.php?id=61579631842839","text/html; charset=""utf-8""","301","Moved Permanently","Non-Indexable","Redirected","110","0.318","https://www.facebook.com/people/TekSea-Brasil/61579631842839/","HTTP Redirect"
"https://teksea.net/wp-content/uploads/2026/03/img_post_noticia_iso_9001_v2.webp","image/webp","200","OK","Indexable","","0","0.025","",""
"https://teksea.net/subcategoria/bombas-de-parafuso-duplo/","text/html; charset=UTF-8","200","OK","Indexable","","225","0.108","",""
"https://teksea.net/segmento/energia-critica/","text/html; charset=UTF-8","200","OK","Indexable","","116","0.114","",""
"https://teksea.net/subcategoria/chaveados-modulares-tps/","text/html; charset=UTF-8","200","OK","Indexable","","225","0.071","",""
"https://teksea.net/wp-includes/js/dist/i18n.min.js?ver=781d11515ad3d91786ec","text/javascript; charset=utf-8","200","OK","Indexable","","0","0.090","",""
"https://teksea.net/wp-content/plugins/elementor-pro/assets/js/frontend.min.js?ver=4.1.2","text/javascript; charset=utf-8","200","OK","Indexable","","0","0.078","",""
"https://teksea.net/produto/ams1024-modulo-para-monitoracao-e-alarmes/","text/html; charset=UTF-8","200","OK","Indexable","","230","0.060","",""
"https://teksea.net/eventos/mostra-bid-brasil/","text/html; charset=UTF-8","200","OK","Indexable","","16","0.071","",""
"https://teksea.net/videos/teksea-telecom-energia-que-conecta-o-mundo/","text/html; charset=UTF-8","200","OK","Indexable","","22","0.102","",""
"https://teksea.net/wp-content/plugins/wp-rocket/assets/js/lazyload/17.8.3/lazyload.min.js","text/javascript; charset=utf-8","200","OK","Indexable","","0","0.025","",""
"https://teksea.net/eventos/fiee-feira-internacional-da-industria-eletrica/","text/html; charset=UTF-8","200","OK","Indexable","","16","0.120","",""
"https://teksea.net/wp-includes/js/jquery/ui/core.min.js?ver=1.13.3","text/javascript; charset=utf-8","200","OK","Indexable","","0","0.077","",""
"https://teksea.net/wp-content/plugins/elementor/assets/js/frontend.min.js?ver=4.1.4","text/javascript; charset=utf-8","200","OK","Indexable","","0","0.033","",""
"https://teksea.net/wp-includes/js/jquery/jquery.form.min.js?ver=4.3.0","text/javascript; charset=utf-8","200","OK","Indexable","","0","0.021","",""
"https://teksea.net/wp-content/uploads/2026/03/QEP-1024x1024.png","image/png","200","OK","Indexable","","0","0.104","",""
"https://teksea.net/mercados-que-atendemos/papel-celulose/","text/html; charset=UTF-8","200","OK","Indexable","","335","0.057","",""
"https://www.instagram.com/teksea/","text/html; charset=""utf-8""","200","OK","Indexable","","110","0.236","",""
"https://teksea.net/produto/fire-system/","text/html; charset=UTF-8","200","OK","Indexable","","226","0.076","",""
"https://teksea.net/wp-content/plugins/elementor-pro/assets/js/webpack-pro.runtime.min.js?ver=4.1.2","text/javascript; charset=utf-8","200","OK","Indexable","","0","0.076","",""
"https://teksea.net/wp-content/uploads/2026/03/kral_fluxometro_s_rie_omp-1024x1024.webp","image/webp","200","OK","Indexable","","0","0.146","",""
"https://teksea.net/wp-content/uploads/2026/02/svg-canal-de-etica.svg","image/svg+xml","200","OK","Indexable","","0","0.077","",""
"https://teksea.net/mercados-que-atendemos/naval-portos/","text/html; charset=UTF-8","200","OK","Indexable","","335","0.144","",""
"https://teksea.net/produto/bnwas-bridge-navigational-watch-alarm-system/","text/html; charset=UTF-8","200","OK","Indexable","","226","0.114","",""
"https://teksea.net/produto/corenet-corebox-g2/","text/html; charset=UTF-8","200","OK","Indexable","","12","0.121","",""
"https://teksea.net/produto/corebox-smart-g1/","text/html; charset=UTF-8","200","OK","Indexable","","12","0.168","",""
"https://teklegacy.teksea.net/","text/html","302","Found","Non-Indexable","Redirected","110","0.062","https://teklegacy.teksea.net/login","HTTP Redirect"
"https://teksea.net/wp-content/plugins/elementor/assets/js/frontend-modules.min.js?ver=4.1.4","text/javascript; charset=utf-8","200","OK","Indexable","","0","0.022","",""
"https://teksea.net/wp-content/uploads/2026/02/img_mobilidade_e_transporte.webp","image/webp","200","OK","Indexable","","0","0.035","",""
"https://teksea.net/wp-content/uploads/2026/03/corebox_smart_g1.webp","image/webp","200","OK","Indexable","","0","0.044","",""
"https://teksea.net/wp-content/uploads/2026/03/corenet_corebox_g2.webp","image/webp","200","OK","Indexable","","0","0.108","",""
"https://teksea.net/wp-content/uploads/2026/03/bnwas_bridge_navigational_watch_alarm_system.webp","image/webp","200","OK","Indexable","","0","0.112","",""
"https://teksea.net/fale-conosco/","text/html; charset=UTF-8","200","OK","Indexable","","885","0.054","",""
"https://teksea.net/wp-content/uploads/2026/03/fire_system.webp","image/webp","200","OK","Indexable","","0","0.103","",""
"https://api.whatsapp.com/send/?phone=5547991455325&text=Olá%2C+tudo+bem%3F&type=phone_number&app_absent=0","","0","Blocked by robots.txt","Non-Indexable","Blocked by robots.txt","1","","",""
"https://teksea.net/produto/kral-fluxometro-serie-omp/","text/html; charset=UTF-8","200","OK","Indexable","","236","0.055","",""
"https://maps.google.com/maps?q=<p%20class%3D""DUwDvf%20lfPIob"">São%20Paulo%20Expo<%2Fp>&t=m&z=14&output=embed&iwloc=near","text/html","301","Moved Permanently","Non-Indexable","Redirected","0","0.077","https://www.google.com/maps/embed?origin=mfe&pb=!1m4!2m1!1zPHAgY2xhc3M9IkRVd0R2ZiBsZlBJb2IiPlPDo28gUGF1bG8gRXhwbzwvcD4!5e0!6i14","HTTP Redirect"
"https://teksea.net/wp-content/uploads/2026/03/kral_fluxometro_s_rie_omp.webp","image/webp","200","OK","Indexable","","0","0.041","",""
"https://teksea.net/wp-content/uploads/2026/04/RelatorioIgualdadeSalarialLote_2026_1_12515928000198.pdf","application/pdf","200","OK","Indexable","","1","0.046","",""
"https://teksea.net/wp-content/uploads/2026/04/2-2025-Relatorio-Igualdade-Salarial.pdf","application/pdf","200","OK","Indexable","","1","0.121","",""
"https://teksea.net/wp-content/uploads/2026/04/1-2025-Relatorio-Igualdade-Salarial.pdf","application/pdf","200","OK","Indexable","","1","0.037","",""
"https://teksea.net/videos/","text/html; charset=UTF-8","200","OK","Indexable","","12","0.177","",""
"https://maps.google.com/maps?q=<p>Centro%20de%20Convenções%20Ulysses%20Guimarães%20|%20SDC%20–%20Brasília%2FDF<%2Fp>&t=m&z=14&output=embed&iwloc=near","text/html","301","Moved Permanently","Non-Indexable","Redirected","0","0.080","https://www.google.com/maps/embed?origin=mfe&pb=!1m4!2m1!1zPHA-Q2VudHJvIGRlIENvbnZlbsOnw7VlcyBVbHlzc2VzIEd1aW1hcsOjZXMgfCBTREMg4oCTIEJyYXPDrWxpYS9ERjwvcD4!5e0!6i14","HTTP Redirect"
"https://teksea.net/wp-content/uploads/2026/03/ams1024_m_dulo_para_monitora_o_e_alarmes.webp","image/webp","200","OK","Indexable","","0","0.063","",""
"https://www.fiee.com.br/?utm_source=chatgpt.com","text/html;charset=utf-8","200","OK","Indexable","","2","0.815","",""
"https://teksea.net/produto/retificador-carregador-chaveado-tps-24/","text/html; charset=UTF-8","200","OK","Indexable","","8","0.062","",""
"https://teksea.net/wp-content/uploads/2026/03/tps24_1_02_04_25-1024x1024.webp","image/webp","200","OK","Indexable","","0","0.063","",""
"https://teksea.net/videos/tekpower-scr-espanol-retificador-cargador/","text/html; charset=UTF-8","200","OK","Indexable","","22","1.010","",""
"https://teksea.net/wp-content/uploads/2026/03/autom_caract1_768x1897_1.webp","image/webp","200","OK","Indexable","","0","0.089","",""
"https://teksea.net/wp-content/uploads/2026/03/display_ecdis.webp","image/webp","200","OK","Indexable","","0","0.097","",""
"https://teksea.net/wp-content/uploads/2026/03/tekmation_iamcs_sistema_integrado_de_automa_o.webp","image/webp","200","OK","Indexable","","0","0.119","",""
"https://teksea.net/wp-content/uploads/2026/03/eg_g2a_1.webp","image/webp","200","OK","Indexable","","0","0.038","",""
"https://teksea.net/subcategoria/inversor-cc-ca/","text/html; charset=UTF-8","200","OK","Indexable","","5","0.060","",""
"https://teksea.net/wp-content/uploads/2026/03/radares.webp","image/webp","200","OK","Indexable","","0","0.114","",""
"https://teksea.net/wp-content/uploads/2026/03/kral_bombas_s_rie_k.webp","image/webp","200","OK","Indexable","","0","0.123","",""
"https://teksea.net/wp-content/uploads/2026/03/kral_esta_es_leo_lubrificante.webp","image/webp","200","OK","Indexable","","0","0.086","",""
"https://teksea.net/wp-content/uploads/2026/03/QEP.png","image/png","200","OK","Indexable","","0","0.096","",""
"https://teksea.net/wp-content/uploads/2026/03/consoles_e_mesas_de_controle-1024x1024.webp","image/webp","200","OK","Indexable","","0","0.108","",""
"https://teksea.net/wp-content/uploads/2026/03/ccm_centro_de_controle_de_motores-1024x1024.webp","image/webp","200","OK","Indexable","","0","0.073","",""
"https://teksea.net/wp-content/uploads/2026/03/tekleakage_monitoramento_de_isola_o_em_barramentos_el_tricos-1024x1024.webp","image/webp","200","OK","Indexable","","0","0.081","",""
"https://teksea.net/wp-content/uploads/2026/02/img_post_noticia_3.webp","image/webp","200","OK","Indexable","","0","0.098","",""
"https://teksea.net/wp-content/uploads/2026/02/img_post_noticia_5.webp","image/webp","200","OK","Indexable","","0","0.099","",""
"https://teksea.net/consolidacao-de-parceria-entre-empresas-enel-e-teksea/","text/html; charset=UTF-8","200","OK","Indexable","","12","0.149","",""
"https://teksea.net/atividades-no-navio-fsru-bw-magna-sob-um-novo-mundo-pos-virus/","text/html; charset=UTF-8","200","OK","Indexable","","12","0.124","",""
"https://teksea.net/wp-content/uploads/2026/02/img_post_noticia_6.webp","image/webp","200","OK","Indexable","","0","0.038","",""
"https://mostrabidbrasil.com/","text/html; charset=UTF-8","200","OK","Indexable","","2","0.746","",""
"https://teksea.net/novo-navio-petroleiro-equipado-com-sistemas-teksea-rumo-a-fernando-de-noronha/","text/html; charset=UTF-8","200","OK","Indexable","","12","0.109","",""
"https://teksea.net/produto/ccm-centro-de-controle-de-motores/","text/html; charset=UTF-8","200","OK","Indexable","","8","1.006","",""
"https://teksea.net/wp-content/uploads/2026/02/img_post_noticia_2.webp","image/webp","200","OK","Indexable","","0","0.040","",""
"https://teksea.net/teksea-entrega-sistemas-de-energia-controle-comunicacao-e-automacao-para-navio-de-transporte-de-combustiveis/","text/html; charset=UTF-8","200","OK","Indexable","","12","0.132","",""
"https://teksea.net/wp-content/uploads/2026/03/display_ecdis-1024x1024.webp","image/webp","200","OK","Indexable","","0","0.039","",""
"https://teksea.net/wp-content/uploads/2026/03/tms_1000_monitora_o_e_alarmes_de_tanques-1024x1024.webp","image/webp","200","OK","Indexable","","0","0.036","",""
"https://teksea.net/wp-content/uploads/2026/03/radares-1024x1024.webp","image/webp","200","OK","Indexable","","0","0.107","",""
"https://teksea.net/wp-content/uploads/2026/03/CRSL-0030-871x1024.webp","image/webp","200","OK","Indexable","","0","0.120","",""
"https://teksea.net/wp-content/uploads/2026/03/tms_1000_monitora_o_e_alarmes_de_tanques.webp","image/webp","200","OK","Indexable","","0","0.121","",""
"https://teksea.net/wp-content/uploads/2026/03/scr_igbt_1_02_04_25.webp","image/webp","200","OK","Indexable","","0","0.108","",""
"https://teksea.net/wp-content/uploads/2026/03/kral_display_e_unidade_de_processamento_bem500.webp","image/webp","200","OK","Indexable","","0","0.123","",""
"https://teksea.net/wp-content/uploads/2026/03/IMG-certificados.svg","image/svg+xml","200","OK","Indexable","","0","0.124","",""
"https://teksea.net/wp-content/uploads/2026/03/IMG-catalogo.svg","image/svg+xml","200","OK","Indexable","","0","0.116","",""
"https://teksea.net/wp-content/uploads/2026/03/IMG-manuais.svg","image/svg+xml","200","OK","Indexable","","0","0.113","",""
"https://teksea.net/wp-content/uploads/2026/03/tps125p_1_02_04_25-1024x1024.webp","image/webp","200","OK","Indexable","","0","0.044","",""
"https://teksea.net/noticias/page/2/","text/html; charset=UTF-8","200","OK","Indexable","","7","1.020","",""
"https://teksea.net/wp-content/uploads/2026/03/ihm_nlc_2_1.webp","image/webp","200","OK","Indexable","","0","0.076","",""
"https://teksea.net/wp-content/uploads/2026/03/teknav_nlc_painel_luzes_de_navega_o_e_sinaliza_o.webp","image/webp","200","OK","Indexable","","0","0.089","",""
"https://teksea.net/wp-content/uploads/2026/03/modulo_dc_1_1.webp","image/webp","200","OK","Indexable","","0","0.070","",""
"https://teksea.net/wp-content/uploads/2026/03/modulo_ac_1_1.webp","image/webp","200","OK","Indexable","","0","0.079","",""
"https://teksea.net/produto/retificador-carregador-chaveado-portatil-tps125-p/","text/html; charset=UTF-8","200","OK","Indexable","","12","0.197","",""
"https://teksea.net/wp-content/uploads/2026/03/tekleakage_monitoramento_de_isola_o_em_barramentos_el_tricos.webp","image/webp","200","OK","Indexable","","0","0.041","",""
"https://teksea.net/wp-content/plugins/elementor-pro/assets/css/widget-post-info.min.css?ver=4.1.2","text/css; charset=utf-8","200","OK","Indexable","","0","0.076","",""
"https://teksea.net/central-de-documentos/?jsf=jet-engine&meta=pdf_tipo:manual","text/html; charset=UTF-8","200","OK","Non-Indexable","Canonicalised","7","0.954","",""
"https://teksea.net/wp-content/plugins/elementor/assets/css/widget-divider.min.css?ver=4.1.4","text/css; charset=utf-8","200","OK","Indexable","","0","0.111","",""
"https://teksea.net/wp-content/cache/min/1/wp-content/plugins/download-manager/assets/wpdm-iconfont/css/wpdm-icons.css?ver=1783441967","text/css; charset=utf-8","200","OK","Indexable","","0","0.044","",""
"https://teksea.net/wp-content/plugins/download-manager/assets/modal/wpdm-modal.min.css?ver=3.3.62","text/css; charset=utf-8","200","OK","Indexable","","0","0.120","",""
"https://teksea.net/wp-content/cache/background-css/1/teksea.net/wp-content/plugins/download-manager/assets/css/front-dark.min.css?ver=3.3.62&wpr_t=1783432579","text/css; charset=utf-8","200","OK","Indexable","","0","0.090","",""
"https://teksea.net/central-de-documentos/?jsf=jet-engine&meta=pdf_tipo:catalogo","text/html; charset=UTF-8","200","OK","Non-Indexable","Canonicalised","7","1.061","",""
"https://teksea.net/wp-content/plugins/elementor-pro/assets/css/widget-post-navigation.min.css?ver=4.1.2","text/css; charset=utf-8","200","OK","Indexable","","0","0.086","",""
"https://teksea.net/wp-content/uploads/elementor/css/custom-widget-icon-list.min.css?ver=1783441923","text/css; charset=utf-8","200","OK","Indexable","","0","0.083","",""
"https://teksea.net/wp-content/plugins/elementor/assets/css/widget-nested-accordion.min.css?ver=4.1.4","text/css; charset=utf-8","200","OK","Indexable","","0","0.098","",""
"https://teksea.net/wp-content/plugins/elementor/assets/lib/animations/styles/fadeInUp.min.css?ver=4.1.4","text/css; charset=utf-8","200","OK","Indexable","","0","0.096","",""
"https://teksea.net/wp-content/uploads/elementor/css/post-42.css?ver=1783441924","text/css; charset=utf-8","200","OK","Indexable","","0","0.103","",""
"https://teksea.net/wp-content/cache/min/1/wp-content/themes/hello-elementor/assets/css/header-footer.css?ver=1783441967","text/css; charset=utf-8","200","OK","Indexable","","0","0.094","",""
"https://teksea.net/wp-content/cache/background-css/1/teksea.net/wp-content/plugins/download-manager/assets/css/front.min.css?ver=3.3.62&wpr_t=1783432579","text/css; charset=utf-8","200","OK","Indexable","","0","0.107","",""
"https://teksea.net/wp-includes/blocks/paragraph/style.min.css?ver=7.0","text/css; charset=utf-8","200","OK","Indexable","","0","0.120","",""
"https://teksea.net/wp-content/plugins/elementor-pro/assets/css/conditionals/popup.min.css?ver=4.1.2","text/css; charset=utf-8","200","OK","Indexable","","0","0.088","",""
"https://teksea.net/wp-content/cache/fonts/1/google-fonts/css/1/a/d/6af3f99c08f6a36b5997e9266be13.css","text/css; charset=utf-8","200","OK","Indexable","","0","0.080","",""
"https://teksea.net/wp-content/uploads/elementor/css/custom-frontend.min.css?ver=1783441923","text/css; charset=utf-8","200","OK","Indexable","","0","0.075","",""
"https://teksea.net/wp-content/plugins/elementor/assets/lib/animations/styles/fadeInRight.min.css?ver=4.1.4","text/css; charset=utf-8","200","OK","Indexable","","0","0.093","",""
"https://teksea.net/wp-content/cache/min/1/kpr6vgf.css?ver=1783441967","text/css; charset=utf-8","200","OK","Indexable","","0","0.098","",""
"https://teksea.net/wp-content/cache/min/1/wp-content/plugins/jet-search/assets/css/jet-search.css?ver=1783441967","text/css; charset=utf-8","200","OK","Indexable","","0","0.091","",""
"https://teksea.net/wp-content/plugins/elementor-pro/assets/css/widget-search.min.css?ver=4.1.2","text/css; charset=utf-8","200","OK","Indexable","","0","0.036","",""
"https://teksea.net/wp-content/plugins/elementor/assets/css/widget-image.min.css?ver=4.1.4","text/css; charset=utf-8","200","OK","Indexable","","0","0.090","",""
"https://teksea.net/wp-content/plugins/elementor/assets/lib/animations/styles/e-animation-grow.min.css?ver=4.1.4","text/css; charset=utf-8","200","OK","Indexable","","0","0.089","",""
"https://teksea.net/wp-content/cache/background-css/1/teksea.net/wp-content/plugins/jet-search/assets/lib/chosen/chosen.min.css?ver=1.8.7&wpr_t=1783432579","text/css; charset=utf-8","200","OK","Indexable","","0","0.088","",""
"https://teksea.net/wp-content/plugins/elementor-pro/assets/css/widget-form.min.css?ver=4.1.2","text/css; charset=utf-8","200","OK","Indexable","","0","0.083","",""
"https://teksea.net/2026/04/07/","text/html; charset=UTF-8","200","OK","Non-Indexable","noindex","6","0.942","",""
"https://teksea.net/wp-content/uploads/elementor/css/post-2286.css?ver=1783441924","text/css; charset=utf-8","200","OK","Indexable","","0","0.098","",""
"https://teksea.net/wp-content/uploads/elementor/css/custom-apple-webkit.min.css?ver=1783441923","text/css; charset=utf-8","200","OK","Indexable","","0","0.092","",""
"https://teksea.net/wp-content/plugins/elementor-pro/assets/css/widget-off-canvas.min.css?ver=4.1.2","text/css; charset=utf-8","200","OK","Indexable","","0","0.095","",""
"https://teksea.net/wp-content/uploads/elementor/css/post-1003.css?ver=1783443379","text/css; charset=utf-8","200","OK","Indexable","","0","0.091","",""
"https://teksea.net/wp-content/plugins/elementor/assets/css/widget-social-icons.min.css?ver=4.1.4","text/css; charset=utf-8","200","OK","Indexable","","0","0.119","",""
"https://teksea.net/wp-content/cache/background-css/1/teksea.net/wp-content/uploads/elementor/css/post-44.css?ver=1783441924&wpr_t=1783432579","text/css; charset=utf-8","200","OK","Indexable","","0","0.108","",""
"https://teksea.net/wp-content/plugins/elementor-pro/assets/css/widget-share-buttons.min.css?ver=4.1.2","text/css; charset=utf-8","200","OK","Indexable","","0","0.125","",""
"https://teksea.net/wp-content/plugins/elementor/assets/css/widget-heading.min.css?ver=4.1.4","text/css; charset=utf-8","200","OK","Indexable","","0","0.082","",""
"https://teksea.net/wp-content/uploads/elementor/css/post-21.css?ver=1783441923","text/css; charset=utf-8","200","OK","Indexable","","0","0.092","",""
"https://teksea.net/wp-content/cache/min/1/wp-content/themes/hello-elementor/assets/css/theme.css?ver=1783441967","text/css; charset=utf-8","200","OK","Indexable","","0","0.089","",""
"https://teksea.net/wp-content/plugins/elementor-pro/assets/css/widget-breadcrumbs.min.css?ver=4.1.2","text/css; charset=utf-8","200","OK","Indexable","","0","0.084","",""
"https://teksea.net/wp-content/cache/min/1/wp-content/plugins/jet-engine/assets/css/frontend.css?ver=1783441967","text/css; charset=utf-8","200","OK","Indexable","","0","0.087","",""
"https://teksea.net/wp-content/uploads/elementor/css/post-1311.css?ver=1783441924","text/css; charset=utf-8","200","OK","Indexable","","0","0.102","",""
"https://fonts.googleapis.com/css?family=Roboto%3A100%2C100italic%2C200%2C200italic%2C300%2C300italic%2C400%2C400italic%2C500%2C500italic%2C600%2C600italic%2C700%2C700italic%2C800%2C800italic%2C900%2C900italic|Inter%3A100%2C100italic%2C200%2C200italic%2C300%2C300italic%2C400%2C400italic%2C500%2C500italic%2C600%2C600italic%2C700%2C700italic%2C800%2C800italic%2C900%2C900italic&display=swap","text/css; charset=utf-8","200","OK","Indexable","","0","0.099","",""
"https://teksea.net/wp-content/plugins/elementor-pro/assets/css/widget-posts.min.css?ver=4.1.2","text/css; charset=utf-8","200","OK","Indexable","","0","0.079","",""
"https://teksea.net/wp-content/cache/min/1/wp-content/themes/hello-elementor/assets/css/reset.css?ver=1783441967","text/css; charset=utf-8","200","OK","Indexable","","0","0.085","",""
"https://teksea.net/wp-content/uploads/2026/03/thor_monitoramento_remoto.webp","image/webp","200","OK","Indexable","","0","0.087","",""
"https://teksea.net/wp-content/uploads/2026/03/bms_1_02_04_25.webp","image/webp","200","OK","Indexable","","0","0.130","",""
"https://teksea.net/wp-content/uploads/2026/03/tekcharger_1_02_04_25-1024x1024.webp","image/webp","200","OK","Indexable","","0","0.089","",""
"https://teksea.net/wp-content/uploads/2026/02/image_nossa_equipe.webp","image/webp","200","OK","Indexable","","0","0.086","",""
"https://teksea.net/wp-content/uploads/2026/03/image_manufacturing_assessment_american_bureau_shipping2_1x.webp","image/webp","200","OK","Indexable","","0","0.099","",""
"https://teksea.net/wp-content/uploads/2026/03/image_design_assessment_american_bureau_shipping_teksea_1x_1_1x.webp","image/webp","200","OK","Indexable","","0","0.066","",""
"https://teksea.net/wp-content/uploads/2026/03/image_certificado_carregadores_de_baterias_tekcharger_bureau_veritas_teksea_1x_1_1x.webp","image/webp","200","OK","Indexable","","0","0.105","",""
"https://teksea.net/wp-content/uploads/2026/03/image_type_approval_certificate_bridge_navigational_watch_alarm_system_abs_teksea_1x_1_1x.webp","image/webp","200","OK","Indexable","","0","0.085","",""
"https://teksea.net/wp-content/uploads/2026/03/image_manufacturing_assessment_american_bureau_shipping_1x.webp","image/webp","200","OK","Indexable","","0","0.110","",""
"https://teksea.net/wp-content/uploads/2026/03/image_ohs_835480_sistema_de_gest_o_de_saude_e_seguran_a_ocupacional_1x_1_1x.webp","image/webp","200","OK","Indexable","","0","0.037","",""
"https://teksea.net/videos/tekmation-thor-monitoramento-inteligente-para-telecomunicacoes/","text/html; charset=UTF-8","200","OK","Indexable","","23","0.106","",""
"https://teksea.net/wp-content/uploads/2026/03/image_certificado_tps48300_page_0001_1.webp","image/webp","200","OK","Indexable","","0","0.116","",""
"https://teksea.net/wp-content/uploads/2026/03/image_fm_612678_sistema_de_gesta_o_da_qualidade.webp","image/webp","200","OK","Indexable","","0","0.151","",""
"https://teksea.net/produto/tekcharger-swm/","text/html; charset=UTF-8","200","OK","Indexable","","20","0.100","",""
"https://teksea.net/wp-content/uploads/2026/03/image_el_cs_200037_page_0001_1.webp","image/webp","200","OK","Indexable","","0","0.104","",""
"https://teksea.net/wp-content/uploads/2026/03/image_ensaios_clim_ticos_linha_tekpower_inpe_teksea_1x_1_1x.webp","image/webp","200","OK","Indexable","","0","0.098","",""
"https://teksea.net/wp-content/uploads/2026/02/image_parceria_com_universidades.webp","image/webp","200","OK","Indexable","","0","0.124","",""
"https://teksea.net/wp-content/uploads/2026/03/image_certificate_for_battery_and_accessories_bureau_veritas_1x.webp","image/webp","200","OK","Indexable","","0","0.084","",""
"https://teksea.net/wp-content/uploads/2026/03/image_ensaios_de_vibra_o_linha_tekpower_ibec_teksea_1x_1_1x.webp","image/webp","200","OK","Indexable","","0","0.093","",""
"https://teksea.net/wp-content/uploads/2026/03/image_acceptance_test_certificate_automa_o_rina_teksea_1x_1_1x.webp","image/webp","200","OK","Indexable","","0","0.111","",""
"https://teksea.net/wp-content/uploads/2026/03/image_type_approval_certificate_automa_o_accu_e_abcu_abs_teksea_1x_1_1x.webp","image/webp","200","OK","Indexable","","0","0.107","",""
"https://teksea.net/wp-content/uploads/2026/03/image_ensaios_de_choque_linha_tekpower_inpe_teksea_1x_1_1x.webp","image/webp","200","OK","Indexable","","0","0.137","",""
"https://teksea.net/wp-content/uploads/2026/02/image_laborat_rios.webp","image/webp","200","OK","Indexable","","0","0.082","",""
"https://teksea.net/wp-content/uploads/2026/03/image_technical_report_page_0001_1.webp","image/webp","200","OK","Indexable","","0","0.091","",""
"https://teksea.net/wp-content/uploads/2026/03/image_ensaios_de_emi_emc_linha_tekpower_inpe_teksea_1x_1_1x.webp","image/webp","200","OK","Indexable","","0","0.095","",""
"https://teksea.net/wp-content/uploads/2026/03/image_ems_835479_ssitema_de_gest_o_ambiental_1x_1_1x.webp","image/webp","200","OK","Indexable","","0","0.090","",""
"https://teksea.net/wp-content/uploads/2026/03/gradil_tekbox_1.webp","image/webp","200","OK","Indexable","","0","0.090","",""
"https://maps.google.com/maps?q=<p>Av.%20Santos%20Dumont%2C%20s%2Fn%20-%20Tapera%2C%20Florianópolis%20-%20SC%2C%2088047-400<%2Fp>&t=m&z=14&output=embed&iwloc=near","text/html","301","Moved Permanently","Non-Indexable","Redirected","0","0.198","https://www.google.com/maps/embed?origin=mfe&pb=!1m4!2m1!1s<p>Av.+Santos+Dumont,+s/n+-+Tapera,+Florianópolis+-+SC,+88047-400</p>!5e0!6i14","HTTP Redirect"
"https://teksea.net/wp-content/uploads/2026/03/tps125_1_02_04_25.webp","image/webp","200","OK","Indexable","","0","0.093","",""
"https://teksea.net/wp-content/uploads/2026/03/CRSL-0030.webp","image/webp","200","OK","Indexable","","0","0.089","",""
"https://teksea.net/wp-content/uploads/2026/03/page_iot1_1.webp","image/webp","200","OK","Indexable","","0","0.047","",""
"https://teksea.net/wp-content/uploads/2026/03/tks_png_page_empur_iamcs_1.webp","image/webp","200","OK","Indexable","","0","0.113","",""
"https://teksea.net/videos/tekpower-tps-retificador-carregador/","text/html; charset=UTF-8","200","OK","Indexable","","9","0.116","",""
"https://teksea.net/wp-content/uploads/2026/03/ind_stria_pain_is_de_distribui_o_el_trica.webp","image/webp","200","OK","Indexable","","0","0.099","",""
"https://teksea.net/wp-content/uploads/2026/03/consoles_e_mesas_de_controle.webp","image/webp","200","OK","Indexable","","0","0.079","",""
"https://maps.google.com/maps?q=<p>Distrito%20Anhembi%2C%20São%20Paulo<%2Fp>&t=m&z=14&output=embed&iwloc=near","text/html","301","Moved Permanently","Non-Indexable","Redirected","0","0.079","https://www.google.com/maps/embed?origin=mfe&pb=!1m4!2m1!1s<p>Distrito+Anhembi,+São+Paulo</p>!5e0!6i14","HTTP Redirect"
"https://teksea.net/subcategoria/navegacao-e-comunicacao/","text/html; charset=UTF-8","200","OK","Indexable","","6","0.100","",""
"https://teksea.net/2026/03/25/","text/html; charset=UTF-8","200","OK","Non-Indexable","noindex","9","0.906","",""
"https://teksea.net/wp-content/uploads/2026/03/kral_bombas_z_series-1024x1024.webp","image/webp","200","OK","Indexable","","0","0.047","",""
"https://teksea.net/produto/kral-bombas-z-series/","text/html; charset=UTF-8","200","OK","Indexable","","12","0.054","",""
"https://teksea.net/produto/vhf-icom-m506/","text/html; charset=UTF-8","200","OK","Indexable","","18","0.106","",""
"https://teksea.net/wp-content/uploads/2026/03/vhf_icom_m506-1024x1024.webp","image/webp","200","OK","Indexable","","0","0.044","",""
"https://teksea.net/wp-content/uploads/2026/03/kral_bombas_s_rie_l-1-1024x1024.webp","image/webp","200","OK","Indexable","","0","0.043","",""
"https://fiesc.com.br/pt-br/scexpodefense","text/html; charset=UTF-8","200","OK","Indexable","","2","2.119","",""
"https://teksea.net/wp-content/uploads/2026/03/motor_h_eco-1024x1024.webp","image/webp","200","OK","Indexable","","0","0.088","",""
"https://teksea.net/wp-content/uploads/2026/03/tps48_1_02_04_25-1024x1024.webp","image/webp","200","OK","Indexable","","0","0.038","",""
"https://teksea.net/wp-content/uploads/2026/03/thor_monitoramento_remoto-1024x1024.webp","image/webp","200","OK","Indexable","","0","0.096","",""
"https://teksea.net/produto/kral-bombas-serie-l/","text/html; charset=UTF-8","200","OK","Indexable","","16","0.120","",""
"https://teksea.net/produto/retificador-carregador-chaveado-tps-48/","text/html; charset=UTF-8","200","OK","Indexable","","10","0.100","",""
"https://maps.google.com/maps?q=<p>New%20Orleans%2C%20LA<%2Fp>&t=m&z=14&output=embed&iwloc=near","text/html","301","Moved Permanently","Non-Indexable","Redirected","0","0.079","https://www.google.com/maps/embed?origin=mfe&pb=!1m4!2m1!1s<p>New+Orleans,+LA</p>!5e0!6i14","HTTP Redirect"
"https://maps.google.com/maps?q=<p>Fort%20Lauderdale<%2Fp>&t=m&z=14&output=embed&iwloc=near","text/html","301","Moved Permanently","Non-Indexable","Redirected","0","0.075","https://www.google.com/maps/embed?origin=mfe&pb=!1m4!2m1!1s<p>Fort+Lauderdale</p>!5e0!6i14","HTTP Redirect"
"https://teksea.net/produto/motor-h-eco/","text/html; charset=UTF-8","200","OK","Indexable","","18","1.027","",""
"https://teksea.net/wp-includes/js/jquery/ui/datepicker.min.js?ver=1.13.3","text/javascript; charset=utf-8","200","OK","Indexable","","0","0.043","",""
"https://static.cloudflareinsights.com/beacon.min.js/v4513226cdae34746b4dedf0b4dfa099e1781791509496","text/javascript;charset=UTF-8","200","OK","Indexable","","0","0.096","",""
"https://teksea.net/wp-content/cache/min/1/wp-content/plugins/jet-smart-filters/assets/js/public.js?ver=1782299658","text/javascript; charset=utf-8","200","OK","Indexable","","0","0.037","",""
"https://teksea.net/wp-content/uploads/2026/03/img_post_noticia_iso_14001.webp","image/webp","200","OK","Indexable","","0","0.098","",""
"https://teksea.net/entrega-de-sistemas-de-energia-a-eletrobras-furnas/","text/html; charset=UTF-8","200","OK","Indexable","","20","0.112","",""
"https://teksea.net/teksea-obtem-certificacao-iso-450012018-e-fortalece-sua-cultura-de-saude-e-seguranca-no-trabalho/","text/html; charset=UTF-8","200","OK","Indexable","","20","0.102","",""
"https://teksea.net/wp-content/uploads/2026/02/img_post_noticia_7.webp","image/webp","200","OK","Indexable","","0","0.037","",""
"https://teksea.net/wp-content/uploads/2026/03/img_post_noticia_iso_45001.webp","image/webp","200","OK","Indexable","","0","0.038","",""
"https://teksea.net/teksea-conquista-certificacao-iso-140012015-e-reforca-seu-compromisso-com-a-sustentabilidade-e-a-gestao-ambiental-responsavel/","text/html; charset=UTF-8","200","OK","Indexable","","20","0.066","",""
"https://www.flibs.com/en/home.html","","301","Moved Permanently","Non-Indexable","Redirected","2","0.020","https://www.flibs.com/","HTTP Redirect"
"https://teksea.net/wp-content/plugins/elementor-pro/assets/lib/sticky/jquery.sticky.min.js?ver=4.1.2","text/javascript; charset=utf-8","200","OK","Indexable","","0","0.117","",""
"https://teksea.net/wp-content/uploads/2026/02/scr3_1_02_04_25.webp","image/webp","200","OK","Indexable","","0","0.083","",""
"https://teksea.net/videos/tekpower-scr-retificador-carregador/","text/html; charset=UTF-8","200","OK","Indexable","","8","0.105","",""
"https://teksea.net/wp-content/uploads/2026/03/ups_comercial_1_02_04_25-1024x1024.webp","image/webp","200","OK","Indexable","","0","0.088","",""
"https://teksea.net/wp-content/uploads/2026/06/inversor_cc_ca_rack_19_11_05_25-1024x1024.webp","image/webp","200","OK","Indexable","","0","0.085","",""
"https://www.ntexpo.com.br/?utm_source=chatgpt.com","text/html; charset=utf-8","200","OK","Indexable","","2","1.784","",""
"https://teksea.net/produto/","text/html; charset=UTF-8","301","Moved Permanently","Non-Indexable","Redirected","42","0.525","https://teksea.net/produtos/","HTTP Redirect"
"https://teksea.net/wp-content/cache/min/1/wp-content/plugins/mask-form-elementor/assets/deprecate_js/maskformelementor.js?ver=1782299658","text/javascript; charset=utf-8","200","OK","Indexable","","0","0.038","",""
"https://teksea.net/wp-content/uploads/2026/03/bki_1_02_04_25-1024x1024.webp","image/webp","200","OK","Indexable","","0","0.043","",""
"https://teksea.net/produto/ups-industrial-full-igbt/","text/html; charset=UTF-8","200","OK","Indexable","","26","0.098","",""
"https://teksea.net/produto/ups-comercial/","text/html; charset=UTF-8","200","OK","Indexable","","28","0.098","",""
"https://teksea.net/produto/conversor-estatico-de-frequencia-400hz/","text/html; charset=UTF-8","200","OK","Indexable","","26","0.136","",""
"https://www.workboatshow.com/?utm_source=chatgpt.com","text/html; charset=UTF-8","200","OK","Indexable","","2","2.232","",""
"https://teksea.net/wp-content/plugins/mask-form-elementor/assets/deprecate_js/jquery.mask.min.js?ver=1.0","text/javascript; charset=utf-8","200","OK","Indexable","","0","0.051","",""
"https://teksea.net/wp-content/uploads/2026/03/conversor_estatico_de_frequencia_1_06_04_25-1024x1024.webp","image/webp","200","OK","Indexable","","0","0.098","",""
"https://teksea.net/produto/inversor-cc-ca-rack-19/","text/html; charset=UTF-8","200","OK","Indexable","","32","0.102","",""
"https://teksea.net/wp-content/plugins/wp-rocket/assets/js/wpr-beacon.min.js","text/javascript; charset=utf-8","200","OK","Indexable","","0","0.036","",""
"https://teksea.net/wp-content/uploads/2026/03/ups_modular_3_02_04_25-1024x1024.webp","image/webp","200","OK","Indexable","","0","0.034","",""
"https://teksea.net/wp-content/uploads/2026/03/kral_bombas_s_rie_c-1024x1024.webp","image/webp","200","OK","Indexable","","0","0.039","",""
"https://teksea.net/produto/ups-modular/","text/html; charset=UTF-8","200","OK","Indexable","","24","0.107","",""
"https://teksea.net/wp-content/uploads/2026/03/ups_full_igbt_1_02_04_25-1024x1024.webp","image/webp","200","OK","Indexable","","0","0.100","",""
"https://teksea.net/wp-content/uploads/2026/06/inversor_cc_ca_rack_19_11_05_25.webp","image/webp","200","OK","Indexable","","0","0.104","",""
"https://teksea.net/produto/inversor-cc-ca-industrial/","text/html; charset=UTF-8","200","OK","Indexable","","24","0.109","",""
"https://teksea.net/produto/kral-bombas-serie-c/","text/html; charset=UTF-8","200","OK","Indexable","","18","0.099","",""
"https://teksea.net/wp-content/uploads/2026/03/ups_modular_3_02_04_25.webp","image/webp","200","OK","Indexable","","0","0.103","",""
"https://teksea.net/wp-content/uploads/2026/03/ups_comercial_1_02_04_25.webp","image/webp","200","OK","Indexable","","0","0.091","",""
"https://teksea.net/wp-content/uploads/2026/03/conversor_estatico_de_frequencia_1_06_04_25.webp","image/webp","200","OK","Indexable","","0","0.115","",""
"https://teksea.net/wp-content/uploads/2026/03/bki_1_02_04_25.webp","image/webp","200","OK","Indexable","","0","0.113","",""
"https://teksea.net/wp-content/uploads/2026/03/kral_bombas_s_rie_c.webp","image/webp","200","OK","Indexable","","0","0.107","",""
"https://teksea.net/wp-content/uploads/2026/03/ups_full_igbt_1_02_04_25.webp","image/webp","200","OK","Indexable","","0","0.097","",""
"https://teksea.net/wp-content/uploads/2026/03/motor_h_eco.webp","image/webp","200","OK","Indexable","","0","0.104","",""
"https://teksea.net/wp-content/uploads/2026/03/tps48_1_02_04_25.webp","image/webp","200","OK","Indexable","","0","0.106","",""
"https://teksea.net/wp-content/uploads/2026/03/kral_bombas_s_rie_l-1.webp","image/webp","200","OK","Indexable","","0","0.096","",""
"https://teksea.net/wp-content/uploads/2026/03/vhf_icom_m506.webp","image/webp","200","OK","Indexable","","0","0.084","",""
"https://teksea.net/wp-content/uploads/2026/03/kral_bombas_z_series.webp","image/webp","200","OK","Indexable","","0","0.111","",""
"https://teksea.net/wp-content/uploads/2026/03/wheelhouse_tekmation_computer_touch_screen-1024x1024.webp","image/webp","200","OK","Indexable","","0","0.095","",""
"https://teksea.net/wp-content/uploads/2026/03/tekcharger_1_02_04_25.webp","image/webp","200","OK","Indexable","","0","0.092","",""
"https://teksea.net/wp-content/uploads/2026/04/OFF-TEKSEA-SITE-NOTICIA-1-1024x479.png","image/png","200","OK","Indexable","","0","0.088","",""
"https://teksea.net/wp-content/plugins/jet-search/assets/lib/chosen/chosen.min.css?ver=1.8.7","text/css; charset=utf-8","200","OK","Indexable","","0","0.099","",""
"https://teksea.net/wp-content/themes/hello-elementor/assets/css/header-footer.css?ver=3.4.9","text/css; charset=utf-8","200","OK","Indexable","","0","0.090","",""
"https://teksea.net/wp-content/plugins/jet-search/assets/css/jet-search.css?ver=3.6.1.2","text/css; charset=utf-8","200","OK","Indexable","","0","0.083","",""
"https://teksea.net/wp-content/uploads/elementor/css/post-44.css?ver=1783441924","text/css; charset=utf-8","200","OK","Indexable","","0","0.093","",""
"https://teksea.net/wp-content/plugins/mask-form-elementor/assets/js/new-input-mask.js?ver=4.4.3","text/javascript; charset=utf-8","200","OK","Indexable","","0","0.090","",""
"https://teksea.net/wp-content/plugins/jet-search/assets/lib/jet-plugins/jet-plugins.js?ver=1.0.0","text/javascript; charset=utf-8","200","OK","Indexable","","0","0.042","",""
"https://fonts.googleapis.com/css?family=Roboto:100,100italic,200,200italic,300,300italic,400,400italic,500,500italic,600,600italic,700,700italic,800,800italic,900,900italic&display=swap","text/css; charset=utf-8","200","OK","Indexable","","0","0.203","",""
"https://teksea.net/wp-content/plugins/download-manager/assets/wpdm-iconfont/css/wpdm-icons.css?ver=7.0","text/css; charset=utf-8","200","OK","Indexable","","0","0.096","",""
"https://teksea.net/produto/wheelhouse-tekmation-computer-touch-screen/","text/html; charset=UTF-8","200","OK","Indexable","","8","0.160","",""
"https://www.google.com/recaptcha/api.js?render=explicit&ver=4.1.2","text/javascript; charset=utf-8","200","OK","Indexable","","0","0.085","",""
"https://teksea.net/wp-content/plugins/jet-engine/assets/js/frontend/modules/jet-smart-filters.js?ver=3.8.11.1","text/javascript; charset=utf-8","200","OK","Indexable","","0","0.086","",""
"https://teksea.net/wp-content/uploads/elementor/css/post-1652.css?ver=1783441966","text/css; charset=utf-8","200","OK","Indexable","","0","0.099","",""
"https://teksea.net/wp-content/plugins/jet-smart-filters/assets/js/public.js?ver=3.8.3.1","text/javascript; charset=utf-8","200","OK","Indexable","","0","0.099","",""
"https://teksea.net/wp-content/themes/hello-elementor/assets/js/hello-frontend.js?ver=3.4.9","text/javascript; charset=utf-8","200","OK","Indexable","","0","0.086","",""
"https://teksea.net/wp-content/themes/hello-elementor/assets/css/reset.css?ver=3.4.9","text/css; charset=utf-8","200","OK","Indexable","","0","0.099","",""
"https://teksea.net/wp-content/plugins/download-manager/assets/css/front-dark.min.css?ver=3.3.62","text/css; charset=utf-8","200","OK","Indexable","","0","0.076","",""
"https://teksea.net/wp-content/themes/hello-elementor/assets/css/theme.css?ver=3.4.9","text/css; charset=utf-8","200","OK","Indexable","","0","0.086","",""
"https://teksea.net/wp-content/plugins/jet-engine/assets/js/frontend/frontend.js?ver=3.8.11.1","text/javascript; charset=utf-8","200","OK","Indexable","","0","0.080","",""
"https://fonts.googleapis.com/css?family=Inter:100,100italic,200,200italic,300,300italic,400,400italic,500,500italic,600,600italic,700,700italic,800,800italic,900,900italic&display=swap","text/css; charset=utf-8","200","OK","Indexable","","0","0.195","",""
"https://teksea.net/wp-content/plugins/download-manager/assets/css/front.min.css?ver=3.3.62","text/css; charset=utf-8","200","OK","Indexable","","0","0.104","",""
"https://teksea.net/wp-content/uploads/elementor/css/post-1659.css?ver=1783441966","text/css; charset=utf-8","200","OK","Indexable","","0","0.114","",""
"https://teksea.net/wp-content/plugins/mask-form-elementor/assets/js/custom-mask-script.js?ver=4.4.3","text/javascript; charset=utf-8","200","OK","Indexable","","0","0.085","",""
"https://unpkg.com/lenis@1.1.18/dist/lenis.min.js","text/javascript; charset=utf-8","200","OK","Indexable","","0","0.035","",""
"https://teksea.net/wp-content/plugins/jet-engine/assets/css/frontend.css?ver=3.8.11.1","text/css; charset=utf-8","200","OK","Indexable","","0","0.084","",""
"https://teksea.net/wp-content/uploads/2026/03/tps125p_1_02_04_25.webp","image/webp","200","OK","Indexable","","0","0.096","",""
"https://teksea.net/wp-content/uploads/2026/02/img_post_noticia_01.webp","image/webp","200","OK","Indexable","","0","0.096","",""
"https://use.typekit.net/kpr6vgf.css","text/css;charset=utf-8","200","OK","Indexable","","0","0.290","",""
"https://teksea.net/central-de-documentos/","text/html; charset=UTF-8","200","OK","Indexable","","5","0.091","",""
"https://teksea.net/wp-content/uploads/2026/03/ccm_centro_de_controle_de_motores.webp","image/webp","200","OK","Indexable","","0","0.098","",""
"https://site.teksea.net/wp-content/uploads/2026/02/image_78.webp","","0","DNS lookup failed","Non-Indexable","No Response","0","","",""
"http://www.icomamerica.com/en/products/marine/mountedvhf/marinecommander/Default.aspx","text/html; charset=iso-8859-1","301","Moved Permanently","Non-Indexable","Redirected","1","0.429","https://www.icomamerica.com/en/products/marine/mountedvhf/marinecommander/Default.aspx","HTTP Redirect"
"https://teksea.net/carregador-24vcc-tekcharger/","text/html; charset=UTF-8","404","Not Found","Non-Indexable","Client Error","1","0.847","",""
"https://teksea.net/sistema-controle-luminarias-duplas/","text/html; charset=UTF-8","404","Not Found","Non-Indexable","Client Error","1","0.859","",""
"https://site.teksea.net/wp-content/uploads/2026/02/image.png","","0","DNS lookup failed","Non-Indexable","No Response","0","","",""
"https://teksea.net/wp-content/uploads/2026/03/tps24_1_02_04_25.webp","image/webp","200","OK","Indexable","","0","0.081","",""
"https://teksea.net/iamcs-sistema-automacao-integrada-de-monitoracao-e-controle/","text/html; charset=UTF-8","404","Not Found","Non-Indexable","Client Error","1","0.807","",""
"https://teksea.net/teksea-entrega-1-dos-6-rebocadores-a-svitzer/","text/html; charset=UTF-8","200","OK","Indexable","","11","0.130","",""
"https://www.youtube.com/embed/kaMfNR39IXg?feature=oembed","text/html; charset=utf-8","200","OK","Indexable","","0","0.441","",""
"https://teksea.net/wp-content/uploads/2026/03/wheelhouse_tekmation_computer_touch_screen.webp","image/webp","200","OK","Indexable","","0","0.033","",""
"https://teksea.net/videos/tekpower-bki-sistemas-inversores-cc-ca-com-chave-estatica/","text/html; charset=UTF-8","200","OK","Indexable","","9","0.074","",""
"https://teksea.net/2026/02/26/","text/html; charset=UTF-8","200","OK","Non-Indexable","noindex","11","1.014","",""
"https://teksea.net/videos/sistema-de-energia-para-telecomunicacoes-tekpower-by-teksea/","text/html; charset=UTF-8","200","OK","Indexable","","8","1.039","",""
